/*
SQLyog Professional v12.09 (64 bit)
MySQL - 10.3.16-MariaDB : Database - gisdb
*********************************************************************
*/

/*!40101 SET NAMES utf8 */;

/*!40101 SET SQL_MODE=''*/;

/*!40014 SET @OLD_UNIQUE_CHECKS=@@UNIQUE_CHECKS, UNIQUE_CHECKS=0 */;
/*!40014 SET @OLD_FOREIGN_KEY_CHECKS=@@FOREIGN_KEY_CHECKS, FOREIGN_KEY_CHECKS=0 */;
/*!40101 SET @OLD_SQL_MODE=@@SQL_MODE, SQL_MODE='NO_AUTO_VALUE_ON_ZERO' */;
/*!40111 SET @OLD_SQL_NOTES=@@SQL_NOTES, SQL_NOTES=0 */;
CREATE DATABASE /*!32312 IF NOT EXISTS*/`gisdb` /*!40100 DEFAULT CHARACTER SET latin1 */;

USE `gisdb`;

/*Table structure for table `tbl_announcements` */

DROP TABLE IF EXISTS `tbl_announcements`;

CREATE TABLE `tbl_announcements` (
  `announcement_id` int(11) NOT NULL AUTO_INCREMENT,
  `title` varchar(255) DEFAULT NULL,
  `text` text DEFAULT NULL,
  `photos` blob DEFAULT NULL,
  `date_added` datetime DEFAULT current_timestamp(),
  `status` int(11) DEFAULT NULL,
  `date_posted` datetime DEFAULT current_timestamp(),
  PRIMARY KEY (`announcement_id`)
) ENGINE=InnoDB AUTO_INCREMENT=2 DEFAULT CHARSET=latin1;

/*Data for the table `tbl_announcements` */

insert  into `tbl_announcements`(`announcement_id`,`title`,`text`,`photos`,`date_added`,`status`,`date_posted`) values (1,'Trial Announcement Title','Trial Announcement Text','\0JFIF\0\0\0\0\0\0\0\0		\Z\Z&\"\"&0-0>>T\n		\n\r\r\Z\Z)  )/\'%\'/9339GDG]]}\0L\0\08\0\0\0\0\0\0\0\0\0\0\0	\n\0\0\0\0\0\0\0\0\0\0\0\0\0\0\0\0\0s8\0\0\0\0\0\0\0\0\0\0\0\0\0\0\0\0\0\0\0\0\0\0\0\0\0\0\0\0\0\0\0\0\0\0\0\0\0\0\0\0\0\0\0\0\0))\0\0\0\0\0\0\0\0\0\0\0\0\0\0\0\0\0\0\0\0\0\0\0\0\0\0\0\0\0\0\0\0\0\0\0\0\0\0\0\0\0\0\0\0\0\05\Zic٣ަ\0\0\0\0\0\0\0\0\0\0\0\0\0\0\0\0\0\0\0\0\0\0\0\0\0\0\0\0\0\0\0\0\0\0\0\0\0\0\0\0\0\0\0\0\0\n\nc$!yu7z/q&81@\0\0\0P\0\0\0\0T\0\0\0*\0\0@\0\0\0\0\0\0?~ےJ2\0c{fB62mu;IN1W.bɽ)g蠽N<Rn~iQuO\0\0\0\0\0\0\0\0\0\0\0\0[W->_|jBF3qr֧\rS\0\0\0\0\0\0\0\0\0\0\0\0\0\0\0\0\0\0\0\0\0\0\0	4^/jX}M?;[)5Gc\'tK2l7~[+-t(=\0\0\0\0\0\0\0\0\0\0\0u,U>_p9dtp]O*ӡ[Udh8[u\0*P\0\0\0r\Z}_cz񻼆^7)f\0\0\0\0\0\0\0\0\0\0\0\0\0\0\03N3؋uu,qYzV-?+$z҆y%w\0sjr5K]\0<Ā,=\0\0\0\0 \0\0\0\0\0\0Vna]e}~z5ںf\\8G\Z׭36\0\0OC{\0	y/e#fֹHϤx\0\0\0\0*\0\0\0\0\0\0\0\0\0\0.i˳+oCen>hpO{\'bv\'<yf<Dv+3\0Ay4\0\0\0[|A3g\0\0\0\0n6mjjdY֑}.2ccm\\.K1w[.OKܗT\0\0>ɧd&%Z)߲F(K|I|]\0\0\0\0\0\0\0\0\0\0\0\0H.䯪Qrd?UXt8gQcpRS6c!u:?&m5~ߟ2\0\0\0\0lߢk(9]1A1\0\0\0\0V-,rVJ}5e1XWwC\\ɏQÝɇM?V\'Kr<^ɋShNrRŬ|6]g2qdH{c!|\'\0\0\0\0\0\0\0\0\0\0+\0\0\06cU<N}n\Zh_{gn\nY+?ށQnfLUM\0\0\0$힛UۂQٳmAz.*`\0\0\0\0򮃱80g)M\Zw)LfVJ.ގbp\'3vi9W\0\0\rCKא]}N-（{\nֺ1jwڠo߀Jcgk\0\0\0\0\0\0\0\0p\0\0\0\0\0\0\0\0\0\0\0\0\0\0\0\0޹-߬FQ2fM<nKkz}Q#=\0\0*\0L~Щ}֙\"Y,.ϊŒTX#oZ}\r}q9\0\0iOAx:6}bvFNiT/IZUYVCFY}M= \0\0\0\0\0\0\0\0+f4wxEZ\Z>(ǘa0/w\\gOn}u7~|H٦umn{Y1`u9Iosi:V(\0+c셞\ZKQ*[s^agY}nXc|\0\0\0u\r+nMř[ÓQŖfھ;͘ss\0L3WԘ6\nR-KF3=5BG-߮\'ǀ\0\0T\0\0\0	kr^Wt8~,z|OWt8hS[r޵_(WoannF֒ccJ&z7~K|޽i>Lz;@≈u+y;5zSQ~\0\0JOzj~KCcɵK_&W<f.zof-ȊZy@\0\0\08\\=u5>]oڕۓeߵ+<\"M\0E@rp\0GKcAT,fc=a}+am=6\ZpQ=,u!ĲI3B)|c\0\0\0\0\0\0\0h/S\0=|oN귣z^ّMnKn4!Vjo<Ly;Ө;:[I_9H\0E=S?e[,\0\02ظ|L2rY\Zg=\\ԃĳmϤ֓mC\Zt-@\0Q5{n./qn-b:˃ۓu>{5\rݒ@\0\0ЋljbdhޫZ4\\t來t]urU>7,L\'㖝g\r7\'hO?\0\0p\0\0\0\0\0fMn~O>b	]Z<T-UOy_N&Fy^sd}o:[SW>?7vԱz\r+Ƨ#蔿蘢1=㎾Ҟ1]#|\0\0\0awy\n~qk	5kzL|A+=To\n\0\0\0vۧ`!5;/3ޭlDh\0sR\09S\'cDdNC|&[BY{4?`k>\0t^SXjs=Uﯧ^M;2>\0\0\0\0\0\0\0\0}lg9~~\0QAo7kuSZ8\0O&ytqN5y7̸o6zKUybJm>Ki[lE8b!nnJzMmq9\0LZ?p~h<CJXX83=[;? N\nfoy[!À\0\0rf/-=+rm*aٴ/.O\'[\09W\0/\'?Z\'9}ڧ~h7W)Wv9=9|\ZsK?+|qu6YH̀\0\0\0\0\0\0\0vEwkqZ?e{w2׭NR(,g\Z{=KY$nrB|t|qdDkgPǡѴ;ݝf㵻4ʀ}v2;jAZхrnpߚ<ݻ?W\0\0kzk<w6ݤVE\Zzvևqc\0\098\06MÐ^rߪz1eǥDd2FvLɛߖ.HӡP<O\\`.kf*k\0\r,WC\0\0\0\0\0\0\0\0\0\0\0\0\0\0\0@\0\0\0\n\0u~\rɄǫ/\ZpC#v]&ޑ<f7mZǭ~&}g˻cͧWn:8\0\0\0>kVCZqdNɧoWc·ǈ@\0\0\0G)CJ>pt\0Zs\'1ɽe_𦯟vL4^luվd)\09tsHB\Z~ÞzC/\\RC@\\F>5cU-.*H%2v;5WA\n)	<tOo׭ԧ<6fGxFڶ[-$\0$s&jr]V1ekqS	M`\0M{Bc=Z.Ҷ/Wzn:%Mض\\OCaPTزmj.\0\0\0~MW$|ov_=w]{lX>\0\0rN\0RynucrZ6)i<_Vi_mSA>KַFr\0\\T[MD}Ov|Lp\'eL޹?FQqaqDB}W-YݹײP9Vao!~[Ո_Rtx4<]}ʸ_߲Iz)t;3KN=9)f_ш}v_M=k(?Mz+\'G;]6f~_g7:S=v趻<ψe@ݵ}~hj/\rUxLXOֹ4<y7l?wjBdr9/9ӞqS6C@\0\09fUv:wyhEv2`\0N\0\0iz\\%+T.Jctbjؤom?ׯL]6\'RX\Z\nW%)+iפǶ8\0eO{0>S\'\\ޱM{,w2iUWok%[G#ع\0rԱӝr\"nIG<v}.Bm^\\\reGz5}Fy_Fe}GK(<g?F:WK<7s4z7+[O\Za\'v\0*+;\rhyx\n[|;n=~VzqlWKޟ=GW\Zcɿ>\0\0~)s/M=|KrENC}}y7lQ\0p_/dx9j8l3\\ψ\\j͑Jjib)ۧYlj>ue:ߔ\0p\nZqy,PE_װ.9}(^5vo.ǿdcc|QS?Ə|}[Zhe޴{\'Q^][#4C\nOȸO3L/D#ȳ5s_E}2uS?lai\0{|[JX>7wJKq/߭YTʲ[\0yP-!)MtV\0\0\\eާ_GlW-kv+_?j3JVWXL \0\0\0~e\\$d}MB.\0{\rfNN-g&t)G^:=C[{o\0\0)o=`C^VNryCyb:<z|~fs|_-Q)	`|{e?+!|9&e_+6-\"eVdDy\\fHQKf!	riH:isa.F韠>S++2盎qF\0\0ي[|A[m<\02ͬ]nٟ52m\"h%.wΗi{\0p\0:u\'HQU=t+xv\"k^ݬ6kdһVƼq>Y@y~ŏC\0\0{/^0iqtGԢGcsP\0Gq^G$!oKz\0\0+h:ʷfر]=Y~jMqFxT{5m^]U4=NW6gqFk6jYjTNt՚ՋSlm9뾷2\'~6_k/ُqG^_JgBZy\0\0IWw(5^M\\ӹH:#u!,%^iOC`7k4Ǖ\0\0~l^܃\0@z_Ҹ[٩S֫Tv\\O^}js?\0\0\0\ne׮V*މY_4v\0\\y<Km3u4f-\0\0\0\0Q\0\0\0\0\0\0\0\0\0\0\0\0\0\0\0\0\0~չ϶Xl%7YbUsȋ{ov=ΞIy?`\0\0>󌿣G>l\0o7Z2\"JLwwrqu?1ϳT\0Sxe(Q=e9	_=DJK+>2FsprTlM|뚶[K =n~q\\W1oZ,Mwױ=.:16g2T=>8^Xk5AӞnnJևGQ(BHw(4wY٭C2oH,6niAcAtYbzuW\0\0\0\'vmz6SV;UY+ɯͻ])aL^w\0*\0\0򮧚[~ܲ?_X{[@Qݛ._ff_\Zf[#<[w\0(T\0\0k7h/kyWCވ-_n/u4L[\\d-\0CabiqFY:w|`7z,Kt,۽뼬ɷbn|=oM^I̈41Dz12?[+1fٳ[]6fFWcz*ݭ[ίx*2oz/L%^}F\02\\7`m\0\0\09Tأ:,uzH?>ws0l2w93فӊz)\0\0],[9/=?~+M~膹{BOen«YYWg_N&V^^A\0\05=\'XbԒQ~+-&/^k$\0\n17^MVf +Tx=eLe=.r[#w}?\nU=>^`+o	$Ҿ<7cM{^qy\0\0tzOGGUNW9dVD[OGy&^Iz$!MH\0\0$?wǃ6F;zsؾP5s\\L\0\0V\0ay39_f>tG_iIp</TR\\p~n\Z8]p8\0\0\0\0~*\03fvn\0\0\0gg7wOtx}eM$&j[+wӼzՀr7Cә_I\nɅ-WlOp}U(\0yſya=:Y}$;fj{5^.MWC_#Cw3G\0\0\0\02N7zO]+|M,V:F0\0\0:_S\'Ӟu^+\rֹM3Gn[Ii_RK7omj\0\0\0\0\0\0\0\0\0of\0i]uwWm\'=j߅)Ο\'ሱ[R=恏GX8S6{^\r{wm6|=+;	;D#d+	oOքDT}NP&dn[`[\Z՚g/@Fm4wk	.lNӽ>Vqusԩ_Jz71 \0\0S`m_nY%];[o锉\"\0F>^z~}z/!2ZvCK>\\ڎ}i_c2g/ɧ䥒9,_kY\0\0\0\0ϓ!\0\0\089%ܲihgDO+lt\\ۧ#d2HLr%=Yc,M/OWijDFN,C]ZU1\0$+cIJ#\'[Mí鏲OM1@X XD8@\0p2{t/dva;jn:h/][u	?65[[޷p\0\ZDzk%7or.)\nܗcr~۠GmBZXعMu[[X5٦\0\0\03Mb,^ܕ\\>{7~7/}\0\0\0\0\0\0\0T\0\0\0\0\0\0\0\0\0\0\0\0p\0\0\0أl	5wdLknAɳYp6g7oMsM.97p\0\ny~(\'sS#T%mt݌}k3f\nڍ#:Z;=^}>qT88\0\0wڿC뺟K~&y]WIxP\0\0\0\0\0\07z4STmm+vftu)fv\Z5Ud:Xzb]12ͅM푎<E1*̳~TSvZa)\'_!٣c\0\0 mNo8nϥ:*㑮5N#88\nfs}ߛٱ{ڻtk픵zeb{332Vmx7\0\0\0>Lys6#9ڷn~rtizu;uaQ@\0\0*\07{w_Jd;;^b3KV^ʻMgBP=#يWfkI`|~ބov|w]$׬VkU-NviIQd˘1;oP+ߵ_ONy[\\\0ewdev)-?BP8\0Zv{1!k=\\]vV$-ǖD̹5~WYO5y\0\0wql?,ڽ^\'~w^;CH|ligگn6\n\0\0\0[e=&M4HKTgG8;B[j~=Py1u6=txv֣n>_ww:=>Rf+eYdwќC3Jz+q8,Vy˟O\Z/2tw\0\0\0\0\0\0\0\0\0ݶ/Z鯳im\'uN՗qT3J&dضKO~ZiA4y(O5q@\0\0^,w\n-M__ۯ?g~v|rDXq^\0\0\0RgHW]M΢^]ίn8*>a\\CX0DyJ= OVnu_i7[Y%鼏sW_n\ZAʋQ?cv\'<Ɏ>ջө~n4ǣKu9Ze=\njf3[_GC~W;JzZ\0\0\0\0\0\0\0\0p\0T.Mgqyiվ{_\Zsym0gco^V/o pp\0\0%>[n٭ߵ{K\n~TPp}UY\0\0OЩ7!ܐ/CKzg!Y7,^y78k%7èo-[3kf3y.QVks޲ILI7[_*9=\r3\\W62Kd}<}켆ge+Ɉ>]).1I\nOc%}*\0\0\nT+ʜ+P\0\0\0a۽nnE~_o\'4tg2|iF+\Z?\Z`Y\0\0\0]X\'`\0\0\0\0\0\0\0\0[I.K<c4*K5(^\'/2]zrgOwryǀ9]lK\Z;}Τy6kzo#Th\n{_WIyzl97w=mAa7,\0f[}e|ofv|%K 0bzj֣f{_\Zd8qKT\0Vd;i*Σur>][+g\Zh8otjB<\098\0@\0\0\0\0\0\0\0\0\0>*~TJحzX\n*R\0\0*9SQuG5]Z\0\07fn?ڿuغcr7+<Z]F~\0Ynn0\0ݗ]!w?D\rZ\\\nW33\'GvhH3C}\0\0\0\0\0far\n\0~o\'=&sџC\0\0\0\0\0p5f(o2G8a=%M׀9nin\Zgw+^V_en-ݟEWtf;NPɽksUxxN;t{uw\ntW(K\0\0~kJgnХ߬[ykT\rjcɯ.݋0\0\\˘ۖ8ҏڿE?k[ƟOiu>9x<X/8(Ҁʼ(\0\0?f}nCz^|7=oN\0\0\0\0\0V[ե*]&[ǵR^fZ9Rmt~Y*/-[inR1ǁrOyuk,A?\\r#lsm<b˂!p:-JiH-)6]}~=+O9cҐ8K})ዲk0\"f֩Frkc.شx>d|Ff)!tO t6WYs3ԟ4njӢGCU8WL`8\0\0\0ZY/{/}%ՕnN?\0\0\0\0\0-yjF֘{lRokxa.ilm,W&>J7aQ:1tntWrSh\r=:Rg!kLRvMvzy*٭M~{K4#5/.O]3ǧ3吆1hHY6cZuTzW{QYׄE1Śp>(Ew:P~{.ZׅVU3i:-Va/۸~&_[vaFmvٓovZG\\ꑆ,~F5\0p\0\0\0GmlG;1V/l˼ƍ+_y\0\0\0\0 _7˶z`╊l\0\0\0n*_b>eE\0rSu\0\r^@~l3\\}TL[tkc/X~&Cly.);KsɍY<哊1wXo+[,0ifLVg<_O{fa)Ի.XbǚS43oCF2~.~kOCThOSՆ(\0\0\0\0iϳ;-R܍7zm~:m{6(\0\0\0\0;*)\\s~ƗnvޗnEh+ovoWo5q}\rݸjO+k[fn	K&IKK+6~˿QNrlL~nI+&?Gr>L3M*/ǧY\0g!WL{Z-QZ=Mc|זCbrj(\0Wژ6_l9|-YvzQ!}kVU>*|O+<،<ޖ\098\0\0\0\0\0\0\0\0\0\0\0\0\09gһUw[8jmwg\Z*/?擄GCXg<M#tSF-ǥ\0aYٯ[c3>vMսhhKu]]ZJ	[.n-\r^\"Lz\0\037:o\'nLun\'^)5Y≙2Idt{fn\0c^hEʒҵ[|͊3ބIy֍/=m\nnJTz&u{\0~\0\0\0\0\0\0\0\0\0\0\0\0\0\0*\0\0\0PsZ\nڲQ՚|R%NyJ/	LQ횥8UG5\0\0\0\02w<Ƌflޮ߯ڄqFY\"z2\rXqv+utl3Cǥ[\0~{5]C+eanז<?Ms=lU}[A});0VZP\0\0\0\0\0\0\0\0\0\0\0\0\0\0\0\0\0\0\0\0\0\0\0\0\0\0\0\0\0\0\0\"߹SDWzg~ҭ֙HVm׼1@nwl*SZ\0~B7!lQ*b+gS?N_-آ45_:u.P29m}o_H./<`n/\0\0\0\0\0\0\0\0\0o\0\0\0\0\0\0\0\0\0\0\0\0\0\0\0\0\0\0\0\0rzSbe]׆IX+k>{[K$[fgSiu=i4&%+,o\'Eg\n;S;V\0q1z\\Gf#l֙[\\.K<-Kq}*8MxTpp\r.t2<pff_eѤ|J^ߞqlsF:\'3PyX#\\tu`x	,ݗl;Mr\0\0\0\0\0\0]un!,rTnͯۏL9J؏,.\nvpT~pTǘjY$_٫ݭ؊c.W_9-Aݞ%ǣ=Mv4{uQNd+tk5uin,2nx朻#ZR˵\0ዺ=3b,(~+vj{mQ?JWL%U%׺kIYZ};Ԭc(^a@?G\0_*sznp=&\'$J0rzOǣ?ͺO>sKyQ^s?p˺1}sGY|n7s׈@\0\0ڥε9= QV=Bz:[;gǥYKs؊cnۢ}}ڟzkymFd˽!߷\ZY:el҂pGzEQ^s^Rs\0@8\0p@89\0||}ᶺf^/OQ]bTC#)U}co[}VC9z@5ʻ߭A}L?^=PoX-מ㰃Lxg{[_(wx\0>-џQ=2>NLbuz\0\0SK?*%G*Ac\r>d6Et{fUm[׆Ƭ;3[WowlW1t\'c3KvuV׆sHM^r-	4&b-nV1\0\0\0\0\0\0\0\0\0\0׮HG&SJ[1:4\\o{\\)^N_g~~)ʷ:1?ۄ88~g8ٴv7̦\r͗Es1/T;kOհ؞:lk;&bZ5yF\nC/rb.#6wir\0\0\0\0\07kK\0ጯc,y}횲\rt[}%~.dݖjz/}x^o.]Ę.>AUu}maz8qh6jٍ}mjZm#u5u\0\0\0\0\0\0\0\0\0vHG;F;дĥ\0Kk<G{-/2ېicپ7t88&:\0\0\0\0\0\0\0\0i\0\0\0\0\0\0ev\\ܚ0U(;5LySv]EUsƬ2bXTǓLe1kLy:/֩\'Uov)g@\0\0\0\0\0\0\0\0\0\0e=Jn	`7csߐS3|_!\\\0?G\0\0\0\0\0\0\0\0\0\0\0\0\0\0\0\0\0\0\0\0\0\0\0\0\0\0\0\0\0\0\0\0\0\0\0\0\0\0\0\0\0\0\n.Ŀ[HoUgϖӐ+RJq]=?\0~\0\0\0\0\0\0\0\0\0\0\0\0\0\0\0\0\0\0\0\0\0\0\0\0\0\0\0\0\0\0\0\0\0\0\0\0\0\0\0\0\0\0]Y>]=Nk5bQ:v:WJ#`v>kK\0p\0\0\0\0\0\0\0\0\0\0\0\0\0\0\0\0\0\0\0\0\0\0\0\0\0\0\0\0\0\0\0\0\0\0\0\0\0\0\0\0\0\0~UmIWv\\m~#lWJu-GF˾Vvt,\0O\0=\0\0\0\0!1 \"05#234@A$P`%6BQCDpERSa\0\0\0~o\06af_mcm#2cLG\0N]D7LʞtkɇEv\0h9aXjnca!-{i8V#	1#\\%Q\Z,w~U2&nrt&r9E]Ly;EV-Oܣa)Q D9\Z6V׎\0vM+n7IBNFL|4q>\nh	4sy9|ѧ{\\ӅNCU!vp\\V*gON;gx5W\0iqK1Cr\0N;KmVK8N*Ql`8<xQvʺ@j)+YV?/߽K8q\0vj)|c\\.HgHg\Zbo#/z``Q	M<9uyr7w*nV*D/Q_cN]:OCj1a^31jJ1$hM3\Z$)hW=ZkYDh%N*~-~\'){7qrLS~_{\'q>\nsf?Z\Z7&7%?$Oh$f>H	?=Ok1L0|xݾ2sGX廓mq2Y\\汪	\0N$ D\0$<!\Z;\Z.n2^pA \"Uw׿lJ>$PvU|yT𞂙Q(k>:gcB8VG\Z\Z͡\n_Gџ.!Bv&g30Q]?=$!~k)\rRl8zrVIO8FqAZ~QuOȃAlƳ1Hz{\\1ɷ-1޹u+Q#f{6+\Z#앦˨x`\rX]npỤ\0)_bCTg,]K@G\rTf%{	Tc\0ѡ\"e$(¦U#_mb;ˠwڎ9Fx@ؒg{=獞Ñ\nr2<fS$fms/ֆNDvLpkJ%<I.d\"w5#	-ql\05wϷaaAbr|	<`TGM;bı2kIysg@J͉:溽?&b\0W jz{D\n=͹q&<Q,TvbCc5$v\0bx:ϘD\r{EIq41uY;d>8cG!FHȗH4b(ۈO)L_\r5я4mFDu8ڻ*|V$sVC(\ZpG\\9DmGdǐ5M|*H4Yj\r\n#f1?G52DDJ{{\"iY0\Z35B#!鲑vlj]+6+L12u@Lm^]u]*\n.WDIҚ%sƶ&▐[_!ܯl6{UiLi*R.{~TOd	0J2vs.|VTyFY6dq\0$z	ԇ>I2<R:[ְdt*nV&<M\\Am$EΒbaW&`)ǪbW vV#汪S\'J$gM2k쥲#Hv}k.RĭTБk7@]C5}CHF},MFM?&2STIog\ZeŚdӟnG\nFꎦU$I\'l\r?10^~8z\r\0lY^IX	~i?,v#j`afEdv\"DU.{c\0֢1%(oY*\"tErvF#Z6d8}G;_<\ZB/Tˇ~#y\\}Rg!%Q>!\"ϜCd8PZֵFWC\0VS`_E	3 T$KMNZY	d˸0Gz\Z%\"Mޖ?Z!sb+XG,\"YxsC-g91,*\"Gx~P}Y>O\r9ԟqll<G9Ë8yGI\0tM@RLhqx|\0㐦ho7OYaAJqL=\r/栯*KSDGw\'*\0\nю$aB>\03LT07,s@Vt4(>F*\0Lޙ@\rvM\0\"Lr݇w	>i:RE}H\rZzMV8DQ$k%\r;(}fYGPgٖMmA(`I,m}xNMC\Z٬nj;KVF\0,%3q5ќ刢E(XLa_Mů=x&3q4Ś,\ZZk\02llrƸ9GNϩ,\0l<k6R\\vNSܹ\r?e3{;\'M$uI_Ŗ:AaЁ7\0o!^{TeW\"#mLTNPژu7QgFGutp0qJ5u&F*\'\'ԣMrQ<:HÒ$\n0BNSj%FjA$I5ig?RFgBQvx\nc\0эi{\0lI8On詐#28ZF4E\"IY:\\j%G\"xio8\r[l+SxU}6[W7#e$i5ڍ㦾ܹ\r=eKqW3B.i?53;ξңu`BHBY%WÓOYFL-	藒ɻd@c\'6\0?Yg;+dt$+dvt<hO,qpLy\nމo֡dQ\"gG8cNEC%%q3Un{I*S_6 |9mz5E\0kT=!C.ɣ(,gRraJMȏ$5RL̑4Cb9ZSmwj|>WxEԝa%l|SOWƶ9g?2V=\\rAh+/=E>;I)Qֹ,9AQц&0|onܑ%K2Y\0Sf(vEԓ5е	[52	LЩt1Y3\rdwFC\"[WrdGL2\ZyqYE:!c\r)LY:R)Aq-V=1WfvO[4JZj+7uI+eڮn(Z7p9$ڊ#P\"G#<e e{*voSK8\0y.i\"~ringaN^ Ϗ<=AxX35V}5·o4L0\0$]30\nO7$q\"5|_Zf,iz,VB2R8!5ԺUtX\"iDdCpcĲ\0M+ø]B\0]8ʩU%_,>[ 3⥫[3XLbWYxPSk<V&{,c6ҁzeϣ{8o$$c(1ˊFWWiʆ#+E2\'5i֧-	A/L[&/usȢCN*e|v̘ ;XyL7Z\0\n8y-Bj%iQ*o\ZDsE*ldʿa*H%XH7v\n4!\rxlcz~]~t]n6%\rHSOQB)a|vN~唦iFipyNWb\"r ,M53k\\*ȿV\r48N5I^	^:mП]5xYYࣅT: .DIa<<ej+ HP,>,Fs<yGtc5;hgw; Q2շw]jzΧI5T?~XF-)c6dRc1QOy{,$=S?%[,Ic!H죓օWRc4#[H)\ZƉğ\'cezO˔RTMs\0\nRJ;\ZVݣa3%Y+OV.XWb.jj]űPV6Tw$ΐKVߪ,Q5^W6tEVQP>R$\'حqJc1mz3Q̵-8XhL<ʐIi7书,y˯7r6F jQߘQPbM\"#t1%WEGna\Z\"@?kTSPc66atLΩ/u:A]YHRL,,ցM&^͖d-wp~\0!7fѤK{V\"#͑]I_1./D`(QZԤ[]&!!~>hQ=\\v֪\'g :\rLJ@?JI؇Rδ-Zaj7.rfb$?5a\0|k dQ}6Kqgqll\0J\\T\0+\nT{p阌:4ePW51.\r{sBNF>\"(y%*R<?\'15-{8!\r,~a>u뺖S/H0a7LFD-yT#c˂\'p;Lo8P?;,  ?	W%<.F2ܑvxG\r\0NPP6#6I=>?G:Y$c\ZUR{+aAp2Pr-qUBjN?^6Qj~;mlՠiFAw\r\Zޤ7~5܅d^\ZcQih}CK\Z\\7ukd+{\0L!0-.TTOTeWvmZ(1x?*\\OkZUM)+R0COLȱL,q]2S\ZDH1HA\\g%Ehw9Kp!cD\n?E˯J8ϔC#{M	V橊i\035[K֐R|uRNTMS0S,RI͗8qI!Dn)Lڞli/@3Qs{mcz)8\n-Ğ]g7?lxV4^DӋŐcjx>HrTGg䑲V?橃0嵫+MMp[$VDar9dx(,0lcC,Je-[1j!28g	*Q̦$Br\ZoUH0D,QB{!dأ;o!VDQDgAt1R3Q%mjzS\'3U`J=Ow`rxT-t?Ǜ\r\Zeݫ+[?viCwٹ#wEh.2L@\rh3u%B<J;4\n2H_VD[?tsM]7\\FlN_Lwȯ\\օaeeQ$X?$Hm$AǉGS9ODqP觢\'R\rkѩI<J` cϐ4.`C2: \'m\\(:eSkN7ǎ(A2?9cU(٬D8cSN.\"w	PCUYCVka|D<S)k~MM\Z*:Gf8bsH|vtp}\"BkZƣ[{;o2罒\\UU5Q6ܖm\ZDPO{e署y6S!ݞ0d4^yp2Q&!ߍA^=_r\0!&CRFvrfF H`#4D;6j)MVf\\u\0敪&8sU~-]Bm&FJ(FkfDxYZ\0@ȟ-#QbڀzѭV$=rPAHQ0JGo\Z1\'qߕSD\n,QD\n?nȟfJw?%5aQ1)m&˾1y5-ZϨlG2#കFjivR6D?\"\0	*_o+]8~PU-cA\"5w\0a\".Mw	qJE\n<{3ɯ$}\Zw\\_Eૺ!^UɲKss9\\^@*I=L	LL7]AdG9L>1cT\\<D~tb}UiD^xV\0TpJ{e[G@hF;gwTg?53\'볤qmaWj盡<0gshwoAs\0#F8:T-j:_j6-@ȍblwlG[j^$f74t[CVGe3^¯҇\Zfj̽_	\n/\nI6M1Q[i^]+`>Ruao\'MV$&.1#эtڒd5Y)	B#ƯL5BuBl0>M璦\\H\nwH}C1^!uNakvk5#Q:+̬Ĥ|%]`K)-y(!lŔ_	?솛GfXy̻+ߓU	\nUfuDK{f4g#ӘۈFGsl$nGO颶z;U\rl{ܗ><F1̝b[şhbNmo\ru»| | JУi\ZS]O=D#/\'A	g=|	tI񭾱$Yx!#&\\Ξ\ZϘ gBD=R,}Of\'Rxld)&[Y\Z̯zzAWґPwj7j\n[fR/\"$\'|ܘ!F>#\Z(ho=AjuOȭvJo$UOܒcgY\\z3Vǋ\0W)N޸񳰘fs*Y2g1*=a(c\Z&5+l,LTjUW%leLqGm۱r`\0۵vv@F_\0lʓ<19euP7߅ߠIr0q7s؃&%yH\0K>:?e!W?Vδx.h	uoSHyi~:Efs+Qt$[1874;W{9Z*#ة下tɶ1a+Ol{P6\0n7,	%CO1e27U,RS\rZ$pLF,J*#L,bILaQ\r\",紑&g=)JwXoRȤܱw>lZ.\rtQ吿)1c!#F\0\r\07eq!LhN`G*^|+\"+do?\0ifjYy?B.iΊ$lտlgO!eS앋l\"Tu77Y/~h\"HX	P!!Ȃp\0a+}1C\rq|?}m+V|H*>$øuP8<dG I\05<\ZtoG;$;#+v,%\")\Z++G3`.A]ö+\'c]!tàZP$Mܶcʉ\Zpzf]#Bob:\\J/ oDYY`O<bbI߫/5EӗÓ\Zr\0y(p6@H\'C	FUZ?&iJѻw0E|UlhStqwB\n32+ϝ=U+4zTX;VZ(ڠ+\n҉	f@{DuI}fPE<	\ZWU[4i	̛C!=plKcr7s<{\Z;ܬװd3K,%~qݐKt\'R{܍qL#Ѩpδ.rM#G}Ozsޫ\\\'O=YUNV])Ge}z]X.l茎oj61Ozru#B\Zm؆݆cA+ֹv]Ob+ кs۰R!1V=Ozs޻\\>	n	ד/ъj7,=sfM\'Ar;܇\'%HFX`n\n>a^\n*RCyS\"VVVǱ4\Z#Ȫizd\\g#8B4LW:3OTxUE u[;grX(Cmz8*忕dz=Q3ުd~ SDFϮ\\,,TñM#YI}i`J|KC`g0lmYw*%CB$Å>dU<׬FPa`*\"av,31ZE;gd_5~HiD\0\Z]-\0w,^Lr6R_\nU_\rr5a؍c}?[yL\0_4	?BEeV7b{Q L-G=Qe7;)湎VŨ*\"6㿁Ǒ&O\\$yMMn\nnOGT݄ě;)Mnds܍jR[w:A!l#*E4esUvd8raǼ0&Iu\'&Hɻr;:#,\"HȐ@Xy`y9Tdlrn\\cr,O?$kUsX`\'\"_ȮBܪ>s:$NLAU:ՙ[KskKpR{~d:s\ZaFUe_qnK)J1ׁ\'t5=0JPS5L^n:Dƪ{Gev2܍i\r|)2iΞ:P]cmk^Mx#KJdU)Vk\0Rhǘf4i\\Ԟ\rɊkUnjqdFʚZJA\nu&{NPMd29G(ҎF_Sl\0QdgÔP?E\nB;\nf:MMe3Xku}<d5:\n{m?F=\rJW{7~9QsH_	0#Lyj?C8XUAt̖rc_Q@s٫7ꌊ\"5\"L1!olXB6lx&M3SjC\rQ]|P F(hSq	PRItc&i	N5x&i+\\^\r]8?\r@}<38qG_\r?khe9WK\'i*ޡ5ǦgFE!	S.ke\'EY/WnG?R8cZ}|>Rx7&NcK[3=J䭂e=y:ƚug4o};aZꓥÖٴ8zvH5^W_RYWȔu0tIpWbXÐlE^H\0ȸsܻU;\0m[ej\'לngelnM3fρzȞʮ(Y#9[c>1㤓ӎLeYQIQ5Uj͇ԙsTmS攴R)gWıA j< B٩|WFqW<pGcvOf	*lXLtML-,љc48sݚ/fH~:C_OTjڡy6FxN$xSQB7[e#62dp=\\6.ٓlO\\AKxes\"9k[vEߪ,S\\<<@;}_גbdhZ=+\0;LF6sw8{߸?uKb:]\'>y8鳘b~OLILP_\ZRv xBb87,9xh5\Zf\\$cM;9w\'+HX˩v53C.IN|\01cCohkY<\Zǿ=Y$>.k4Gխsg0aB\0R#)fӑTt؅Tq	#mtwŁ/3Og--cl$vd+&:LbyJ#0Ϩ%Ԯ?\'	7辘Vmw6Ss|L\"aj]$y)kc\"1?M݌,Fb}w9\Zr\nhsû%υZ.F%ȊDJ\ZRߵZiqUwq\09?5q3G8cs|\Z?M6{	6w53Kr4qLw󾇚,=.Fَ{;y\0*!<{Q_6P\0G+U)uihH_j0G49y5xi[8LH/4ҕ+\0? @ Ҧ^Օ~,\0>ӜpZd9Qcl\"\"c>RMxifRl&i8*ڲړ>GE\0%#1yQLI./*aխji57$ē\"D)$bD&+W+ETW+|ym7mэؖVծ<ȏ8FETٔn|\\ԓ<\'O4GԦ.W&as9(jQNXl,̓?Ƕq\ralEi:;M?WG4Wsx)c\n괳Z^.E/Qgk{\Z7Ց FDK>QQMtlkPyk%Ceqta7TL6\Z\'1&IsADQ\r:H+P\"tê \\/4i豤AqIY`!!FMtHvC@xcWSڳESf]E:\0+괪IXoZ꩎&ϣ{y=1cWNN阅X&߷0M2E#AUY]Q&1c_:\"ȋ_6n(/Ċy/Ɯaєz<r\'͖T&2Cxib\"Gڶx	\"]gb]{{e\\E\Z$d[M_\0\0I/*8+!cX<6\0gp`)Nڞnu7\"hňb:յoJtVi{G.6Gdi-4ӒJ1;E?tH:|Fd#VH#f]э9Qu,Ib/̥dfI	ҍfLӗ%Co}	`K!zA-/m%^t>-zv\0[`a+j2Dć-D3-e\\뗢`g,3\\RΑM[\\(WrO/K9# @R	YgWI8у#PVPl\0Ӝ{+)鰖dyTz\r{nUEFc柮(RB)Q#٧Fa8ӓK\\.eU=\"HEy<%цP}piDԽ1|KtLG!#<HQX>ƌc>lQƍϩdkqDie0ZV0Yykۑ@]:ë0!~O<dHz+vs(ff5_X/0>imԺ\'JJ\0\nS>T\"Q[vd+nҺdLp&*,S-ۋ Y;M`b=/kغ*b\Zc)	\0Ə #_L|;B4̥u3OĚũ=IXnĮr>)Sf:JIXcA^RVtIޜVĞ)-\'F]SJ1Bqםmr@liv[5\Z#bLxmq-]fpՂ زdW1RhYؖ[*T\rsqaڴXiH\\ӑ}5tfm0xWu^\"ECA~1#\r0yV0ϑkd[Q$E{rԀ}XVj\0DDmdO\Z9l\r$Ђ𮯍\Z;lA:m䲮}aLz#^O/Wk?;\"Lab/f(/~xz0\Z<qqf6/\'XFIpglʊY\nq	sxwjsd9N%uIl(TYJoчDt@3x9Z짨e<*-C\ZR:8&%,p%\rX\'c!Sv31\niεH$FLa	{}1,9W#\'X|ՖhIY1Ҥdl=CՇ,d@U!ZˀrS%X\rw,Pǎ&VYdI1YI,Ҭ%$$91Ŭc2UR+l\'<q]&F;f\0@)⋼*6!ɶyan3}ͶNY[14vB\0^XM;abF8\r\"\n3\"|ʛ*EޖT_bidLQa.P)K++\'KIYU\"LSawⱮN\nթcgcUY&lk T:fY~̙kO\rV0\'mV &=9ZVٕհK&d\n蕢>b|/	mdÃjj!H*Ot;9ddZRJ=uu\'D-@\nK<kniD]92cD.11*ag6g	x{[Z`2\0guYSFZ6i9jM.ԡ%qD|CoPf^R:L\r#L[%HW>		]OV5?4䣒\rUbKtuHCxVtee8\'C4H:q\ZKgZ1>_C4]+>SX8\\\'\'ĕz;˹Oc\0Ss3|/3V\0J	\nǃEM&QD8v2Vu;>3k&k&,4Jx҆] ]~\ZTI\ZfQu%y#k#(D&u\\/BjcR	f{\nW\n+ߓw\n\n Q-\n\'i&k*:xuSݴYonn8@U|I~iG`4b˪VY/\re-3& =ɥ(Iec|Y-+e*(z,5ߊ7CxlSc7M\'R%n|ڃ?lBY޹j\0[?%~K?sk۫s(|HS?vۻ\0΍Xt\nztluOqJ\"pCa\Z3vj/j	id[I=g/iHR4 0-\':y/X`;q%]BcuDDr﯁bx-X<ϱoW9jaEx7NOA[U	lXgXf?\Z1xٚjYQA7m/7HhF*N_Lv	a\\+v\\CG7q;,/tScf6{dٕcdȮ\Z8$<F<dJYC5O-b3k$ՙ\nD	\nrL\"ÎQ[!A`~w7}%*d)\rռ1\nY\rbLy}Ѓi؇lUރG;\Za3^	6%#	C$,(UlV}9.r\\s%K9.r\\s%K9.r\\s%K9.rwˑ%iDlHނ{n&JSQs\0ZBu9V4rTL!\\v_\0lտ{.\\5_\"e%Ab<l\nZzJĉ*#GJ4:dN\\?=XK\\Qn1Rݗپ`l\'/eM!-G7_	=ΓxZD:HҒ#Zr[ux{\'\'EtEN:FOFK\\Q&yDeUcN7Vteu!\ZKr4I%STKR!st]aJZ/eYɍYdN+3`@i/eYɏ C6`g2`I;\\x45/ɏǭ놏\"3SڕAOV1Ir*=|DU]Fr4ŉ(k{^0IF2޹s+qQ~t}y#ùȣ=~d @QLƵ>{.d΍$Z޹y:,\Z%P<%|26\ZdR%s5p8:,q($zc}So	9د޹[9mE{H#WSH13G~#T0iWXOa g`%Zаv#:F\0deNiYfq4\r8(!\'\"M2lI8vriW8Wel^Q;+#4Y᣿u\'!ԭ[4KX_WdO]7nl~5.@uV-Tk#LA\nO4|.<C\0.Qں-T΃\n8GӍ+u$Օ9?ZbbkRlhq ,;:A,5y\nܭ߫nNI=Ct~քn>+>3\'ttՎ[ն{ZQ??#m1߄ɚs,E^^D*IH$/fxBZ*~c^9@F1D;%dRЖDlvfwl.jSǄfHѿ̖}J%Hq3O?ɟ>W]XAUU\"mr0VEP5|NAө=ڸD;\"h$i\rBҏ;y72\r[~]WS9*Y1|8}}M8Zց߁&inZiO67D7ֽ	UE	r,¸W\0N9&R)7]~!Cnjn:h]knF5ofI2M!4ov,ȖWf|!\"/cYCfj{LLtl?ǷVWdUԚbW|碮&i+7!ڞoLi\rO_T{dGdW?ٲ*Zߎ?MWi :Qe5ϲ:OL,\nUBWUYW	]\0W`y#+/\\I$SeyY+SYnIp// ټv{VJ-u\n?kCXEj*i }̷Ew|ث>k6/R߆]4$S\0elk0!X[-%$\\hPlg-t\'ą9Gj\r+m2t4_4Xr䂩U<sG1Gu::T IGf=:P5tF!E]U-Ȃ.UV4*ΓkB|<_\r6vE39.TkȊЕpwWw\"cS?\0;h|)d3DU_.#^9vww$!Wr#ǽw\'{>gM\"yWr~w&9U;sn<a6Y1B4r|ssHB܈2.5Ur`UU]Z9R6BW`ڟ-S~QC+|ڞ?\0\"cPq3.(|Vd.\ZFP#{o΃Xk\0|6ٙy\'S[LfHsSvv8z.X-\0|17uǕbO<RSljkl0v;\\<\0χ,O\0O\0\0	\0\0!1\"AQa2BRq #0Sr3@Cb$PT4`cpsD\0\0	?\0\nԆk=Q_!mAJgpiC\'195Tbj\n$YN|(5o\n1*)\0#tUXEy\rY/sh7iLֻR҃ZZf|#U8j?D/C\r>A檝{#3$-Q\r2C,#%3ؙOD8wq5VV1Fv<c9RxGτt~~G=QɖMD`|s]w-ᵷfj{`$aB)9F+N\'hJǵZ%1l[8\'7}bdiZ#\ZHEȞph4Z%3\nY>\"mU^N+U7ASx(=rYXrìd՘>ia3NxGAsZ9i`{	>fA9}0\"ނUIv̎f_ef;#%8.5Nƴ\02roYgpmzh5oki%,ӓ\n<5?U`RT.F\ZYiAZr53;I51Lm\0\n-+\Zj|RJd[NoYIpc^^LrvĊpUqȚ0P\'Ku?8g?o\n}vF(;dUޗ| Xm16W1V#\rfsGaks90Q~T+@Y-d1FR`&$5XАH11Z0&B,biC7(cg\rbaH(\0S}\"d2/$wTFS!fnF8.Ziv1*VL#{w2e>TyLϬMӫ(c/5ɌM^_5T1C L.O9C0TV5f0-#V X&e*HҷgFkM[l/-&bLτIlۘ:LτI3>r{\r*8FLJ5\0Hbv|O!լK]hF&I*qMaR\\25`VagޛSjZ!47RŗWK\'gT:F},֗aI\0\rF+;Le2&i֐2eIkڧ|S4uRVLcK%3t7h.ҮSP[aiXP5F;GD0e53h5-QAE8<|eG<N@+Z	VjxGFf|bcuh\\I4[גw(ldT3\naL	}PmT+|e{\Z&i^釤ƅ^u\ZRvJw0bY1q@C4Jc,XE,}cYS+\Z~2\0hfe7+3x%ifgxp]$Ek(,٘8>ьNa0<gt5~WXYA)i k&1VՊfk56\r9Er@9n\\#*>eG܉y4:,2FSI82č}_5.\n.蠱20(IK^HHl\r!i\Z$ZIeб6oPF#i.\0TM戙d(4mJm&IhJ2o폹C7\0Tndwĭ;y!BOBU$dR4@<i(3)KI 6O)m[W&$Kbf1Oޱ.oT!u뿎e<W*6ppW1)\0/5%bZ-\ZfDuJ\"QSʭDsqKiȤɿ^,7\"Y^`kA	T.ԙ`sp\\*co0NI(bZ\\M<iFui#)y]@\0@rJ5@c+Va:fĳgud.eB.=IZ}Z\\i+y,ק(c((yͱbBdvG^0VLsa\\hajH:&*so视oX7sjoN:=57ǫPV\rUUwG$L*mR\'6*wFUOި51돀EKq(ZSM}\06{[%9]ϑ0;V1P@\"_1q[hjp)Pu1NMu0%QnK[#)~ī-\\.ZvZ|*ld_XķmSfr>щ핐2i6*vRv\0lZ{8fۜݐ(G\'+_\0dCbnRͭj͍N׏|\r΁@kvnL]z\Z2͏qA4迄oO>dz\'\rz֏R\'6@vĹ?\n\r.9KK%yljKك[G3\0-S?$_r /0q\'dK䛗K5\'oܥ6vO*Yv3UPJPzÄE,pl}_:cj;M8*JǺ%La\"ʚGt*6ؗV[!B\0375)W[va\rD¶ɣ#${!C)?K\nEp\0A֘,(q6 u䰌V(p7ulz?zִz9OP.\\#*_r\'ifqhDA틦(|xQRNvSEoZnN6_m(wR$%Mw맑oIəhv\\ѭ紤?CD&-5[Ic\'M\nre{\'+}2)[y8},nhdi852(&1QT\\3Q\Z`=ID+W\n$i-_^ýZ$_2s_~;7Ƅ`b^HO\"/>ykVͶ3-͵mKtb/\\3ȷMmSK\ZiZn7ڦ1\02_ě^mW4u{UHbf\Z2J=\rͭ|fyr;zҿE>.\\Tn!Ȁu,Aжÿ#\ZW})0`b]Hc1}6HAˊZIH_A\rLᑕn4wq:<>˦_zQ0ȳ|6w6o1,wLvg>a7,ɞH~,ao@蔚uHZ}cirPӱ.=QtF޼ۀ%u<sF_Y<ᇌdc)PchρG59D1cV1>0<o̘s$kVTpVuuPhҭnP@E&O&4̪ds8D]թĘIn!ì(\r۔T[un??X6w\"JJ]30	c\0l<zMq͍yNbb|߄O~c78l+jku\'ND;f;ᘔ.b|ҷ^c[|߄s$Rǀv2bSvmJx:)GFDCXB;Vjs}:%<s\Zu^7QlHq:w\'D70Xbv)shq4B<\\1NcEQsW3ܣwpaJ\Z\r2tL	[<K[\'URΗiJ\ZA&S]*>Ұ{\0\"l１°<QմAn1ٸ͵Lt.{PؿBos3\rp1,\'ie&Xb`<jvt$kAA5=FS4d}#W[ i/&,+~5n*%ZZ$P,yDiNqׯ\"J\0LI+CݞjK]i_#쬢woW+=G&$F-i.»ѬhK[$|FJsJEZY^sMfo\\1 I`Ib\ZgۄQ%XEȻlPX?M@{E/Ju 4^w4Q!%*k;cm. HBV\"/܆1=Kf|QkC<\Z:«(EF$Q	0Hyb~^^ɩV]5*Ǡ-E\0-`21(iZ@41dJ\n00Sѻ2~ij,j\n_t6Q)ͽmQo4Э3IVߪ:gmcy?\0L;: X(y3=xLKY:q\\ZʳgP|4vTTcrN,.TQ8{C\rD]=g4Ֆ~ިepr-99ק\0H?JnP\0#ğa6\0QLÈST_?>ia<?)$,rg\'s78yyfRޟ}?)\r66f1b|`i>&Xeүxt\n(ƙ,HV=Kf|4d5x5woa)\04*j;#5tCc(T46tFQ50k\rf}{-oA_X4ry(\0VPBItU\"6\ZwF*j;#h0D񍦾;yML_J9h+-\rdM\Z2`\'8|K,B96&E#0P_92k3ylo>ȉ3N\\OvDjsUђe*=ؗeƙsg񃤘A>N=va̗o*\"p%+EaF[9\Zc\0(<>_hÄ/uN蜌aC]uf1\Z_\r.\0ћ~nn-x)F7G%_p;#G6+2\0,¤b-ݺ:G:8C\0OYeta=Kf|ڑs̧93T\n\\¬0U9ǼxCF\0\"|D9S1@t~FK1=h&f$OYA>-izv7]>kW\nZBmsb9M@;If8c$=_rUz_\r|hO9܅Tl]&U3\rv@&?P\\`\Zb9mm@c\nU\0̹cmS|Y0#FQIk,AE\ZP7݌}Iݾoh-4j.n05]{c\'\ZZR;*tFT膵bFw?05yoύ7X9h^l-Qzס2\\\"\'\rZfL1 \Zw#cI=R_(b֕90k52\0toQK*+X?MقWぃVz15l.W,w&.]L=B\r4+|:Lʇ`=Z5ѥt\"3\Z֝Mc\0l*l66c`N#k4l#f־qb>}\'e0̲<ZS/McEI5$1Pi&u\0cYO0-eYTi宛(\"Cŏ4C2-GELWZ´̴Rk`0Mf\0z2~9=HNdG[UDR+1F\r%|bDH}4_؍ay#fdG}c9˹,۾c>\r2[\0Kĥbq\'0ę`8Esu*UI79i\rՌ[u#$\0?\nx\Z֓FIVH߉Rq>ֻS\nf4,axAK|A8@TLIc{\ZB<<0RP+_FTjMDRf䰅Fvb]LqϪηWbaAW},o;K|`QF\' ]ݛmx|WcceF{[s+Fѓ%.XE;U$ra8^0i%K)Zzzܱƚ~Kf\'|XzRTQE>8l(3j&#\rcWc?\',:|G{Hf+C$`I29I/\"ӑMFz\rI?)%$*NͼݛiX\"76k*H0Өzf7n-BқF%Kna,-\\!%Nȭ#)ʥpY};\\\0l}J_a\0ܚwaR&4e*`Kvh97a}t+ݛ@;=fcp۠ɗ*}ZJ\Zcoo,Rl*҆y}sZ%l[{W>7ߋv^yýgzk@<<uI;!wBMOX;aVc@#>խDz\Z܇ߝ*vILk]n+}X2p:򶃊ގ\\R-O(G-IeN3 E\"tԿYR45aY*ę-ؽWT$PʥU&r۪rm\'{Kx2哣.Tf\0KrT*&:scgp.>qq(\0Rŉ0elhD-3PTG.k˨1ЂŎ4䮭zֵ	RΩKztv.IԨIvO-Pb&J+}´if]4|Lm=B+IA\ryp_\0yW\";J`#yZ,\nal)kbIOQ|z#ׯ`/\'drSmVlcIr׸iV09wOMh$\0m0J F\"a^VL4SfKll&kֹT.Q3?%j`Tާ\Ze֜\Z?-{Adz!n)joEL5UٙB60oie6Wo2YgsQYiSe7*c{CK`<{[X\0ȲVi̈q	&Y919g$`Ә5ˮoS	QAc7G@FI~\ZwKHd{iwx9*&[4nV$f#\n2n5D,:f1Vsz|#ly[ϓI1ȚKtcQ[,O^?O៛+M\0[c;FDDm3f;Lσ=4DTڬ`vF\r9<w\Z_\\HZReL҆&Nk,)G^ٲj5hUsZnr˖fL`74ʥLR̵.\Zm$7t5EAf)YBNNraU)5C2c=7WsM`s\Z,=Z@Lrͺ:g%;uGΖ;\rI¾F=Rg觌z?v\nV=z<c?͖@}3P:߫R`iԜ7x,u!=zxǨ#5?1q-@vNeK\0NaumNmyVY?@WSHfIɷTe\r*\\QPT.Le7D	&1cZ7e4iȨq\'-ZQu;d4916v4:p?ڒD!\'N^gFZsK&ū T0IaOᙯSz9mV˩SN0fZ5hjT\\㖛h\r-%6A74TJjܢmʨ2=Tphi\\eq\r|L3\\rn _79Tp0u*{aZ,;3FoJKo3v7YtUj]ͳAe~LҔk;MK z|ǖCVޕt7LK4Mه6BAZ7+z2SK[G1TF6tq6o{_ME;[y>eǼFM*f[}\Zr4>Yd0c^#CF.ĞuEp\ZR\rk\ZoϢ9CE6\\;a\"\\|yFIl\ZƇ܍,r9%u*Yʆ,͉9Rth}Tβ&(J֊)^E%fAյD1kiI[:\Z\n_N|+\005)Ea1㣶\0beۅ	6ZJ\0,lI?PVfSlĕؕ }3sD3(\"L젱1#@n/q\0CS1{+plRVӈʚ1/%T#`fVdfG7f+L\'43gʞCaő,,׿V\'I(Sٺ\'n:LOmhfT2JGe4[ZrfFUnl\nNVe?w6}؛I\0ZZ`Xf@7<\rK!AMqE^ZObj9TaTve:\'\0>hK\\\n{*8yX\\RKe:F2ytHy|H<q&y&p!LKd N\0FM;1Ndӽ\01\'dds{[naLX\\-\ny T4pM;1)ҽ%#<7&%:\rH͓Ndӽ4p2R$d{s\nzAYVn	q)Q*䓄\"mwC8kFm\Zj>19FMnɕ[:i\"LɌ!k\"les\'d)1[d&i	2С\r@^}!{c\'-)&r̔;|!vez-[^m /EbRe#eNDl1Ao̜\0M|I~uOӋJk|8ܹқ\\\ntFP`[J5tK3L+Iku\'sXY.ZYfʚ_\nʔy=&?` Oqt};#e^xC$bỰDzb?h[2l<3}ĳ,mOp\'-IG2$p TT<PW#*[uZF2؈Pi&A8w,i<z\n\\N0Z3\\G(\\?ع!7~3rPX}alHʒj|-Fôq3-4I|JC6JYc^_\\KVe\'G6\">ϐϣ&TG4+b\\)\n3(hį7&zmT0^ƱI;aI\n0=#P\"j\nL[D̛(6^&H6=a[c|sms@_>oMb|%&S-6aK-j퉚$]M5EFePèj\Z\Z]I@q@$jL5cRO1e\rҵįj213ڽ9N]o\r6%{r>Rɗy7V85e0o{?Ԕ#i;^?GHB-iRYQSљCԞBn^<UK;#$nXR16ο&$IrI4	Tx<ԍc|UlgebD}xEjE? w[6|(\nGUxŝd=zt͔|[c\0G%pβȓETK?,`%#/7oUT\Zyz_7de*kQ-L^[+RBMilNJp&F	\"]匰G0_|\"üYZbLwQd6tH\rakp	Hף	c?\rEj~𖩁McS`J$u6IZPc@5Nf;rJLz1k\rh\0rLK[65EijI\'7M<#37^<K7[0=9(`y;w`\Zᨨ*Ld%ח[.jw{\rvh J^srja](TЏb!<#$<\05`_,cIcպ0&\0ö7ڸ_L{7òk}ojnLr8\\hi1T=<@a8c2e{4jܪ@ofNk1èp|ԭTIL)JBf?FXBWfQg1\'`SHvKMIk#):#@\'lG\0>v°Kd1|Kil6̶V}%}@ okHR^IJ\\`g5#\Zu-̖Ƿ:[R\r|_#;Xъ<+X?YeR&ׄz}\ZK?ɗ?S&g,n\r.jؘ\0vw6Plj޸\0Hh&M\"o7kA`èfZ`ŀDo=SFg6X4U½Q>O\"|}a_&*TK|eD|C`FH%{2^ObiR\ZT0)Qr韤\Z:˞1V*|aKK~Vh-\Zbbt&Ƞ`y愘\Zt\"WAgl\r}5gbI|X0Xs*e?P]+қ%gM2ąl䆘j-\n$5**2,Pȴ*`˚/OEm܈:N)k\ZGٲ-HxW\"]ãT5iW*q7()LjreD,tX\"kMcsbI4$\ZwcNC\r4TT\n\"ZʖIt_?$^IL!\'&{t.BDģ&Tm\ZPFN͢jddsimb֛NlyJ@_׬xQZ>,D~ZiVW0uyfhPx1}\0_AzI&Ջ\0MbK\')2yհ$Gٯ9\')]/\"Вx%<͡JkS*,U-L4/8e k9O_ZS(-/XDfMEZDs.MP2i/D!v8(1̖1ڳh%29v\Z]M\nc$[ZdNYu!\nZVdR\0!cg<Hᳮ2y\0āOQHyāEdY,(ˈ7fo!僁\"$<1 B20Hizvcuò0CDɀlfMydd273+Su2%Ves\"[9)#d1,MI8vƧ-A&4ܴ»esiy27gwQv߁j~,+h̑)lMG_61QN:KRڢPC/JqJl\rց9	E񨉦e]I5U\r)uKAL~Q$-j6W㑨gQ*@G[թ&KiDpݑfjHƭ06kV\nY9u6|;.$,_t6ӊh\\\n\0I:ty`BQFeW 0Tﻘ0c-\\&3mK)Pa;L=:^Ϝ}R~1*RԹe2CeE*! ]9Vᄩrh,h3\"6jˡЃ`ؑʩ\r6ps) \rz< yB}:Q1\0%e]\nY4LiZa.U,`Ol5NcX>ueD,%ЃnQXirUvpGd$-j^M%٬O˝Q+}Ф@\0mT}u\nFU}ֶx%jZVdM IYMs6YTbկhZ\'\01-AMWlGU3)\'Q>>YuYn3E>$ϑ(H!9lۈ= e\'xTmVku.JJYR,e#%Y\nÜNHj8#&[م#*0[WxBʗ&SoTKF>u5Sh(ʧ*h{ԭ\n3ɮG\"&$hZ_JR2$6g)폳B-=ոdJ̵nk%N#쳓6nC^7tHejZw5&ގ\"t.$\04\Zk@\0X.Se;Q.u*e7FN>O, T\Zۮ=Rᾱ !-ZHW*;\'YeQzv%٥k%L֮>ϗ:r]\'3%>ϗ \nV:\\șuw\0̀J찡YO6R\\Z#( p1.jFAdMd=*-|#+{PH&MYJj\r;c %\054+1g3a$JF[s)i<Rd}v4|پ*In\"&N7XVInc;#.i2_Xx5(%nZ\0t[fKGn,\rQ*ʳȤ^44Bݕ$:Ԭǵ0on&o\nlHbSȲwc3%\"+{?ʪ^[| ̚PV\\\"Ukz9T|\0.ͺ5j-\Z\\e\"V]ꉊå]1UrqR۫КVFM^*F D%n\\-J[]mU@=ZI#\\\nm-lƑ1JMj۷!2n7F\Zl3H%-f0T.ݾyRsL+.*ANh2S\rc&5KS\rM\"Ϛ%K!Шy7Y󕶄UZ K)\rDkek\'ݐ/\ZUZMZajaCQ.]\\b\ZfQ,˘Y(),m0Q\"Q۷-J\Z̵۶%U[:nMtlD\"e)&6Blҝ[}S,.M\noc*22)k~\\iU\Z|,,k=?h~Y\0w\\ϔŭ)?bP4U\0#\\ 0Ln&Ky}M6miz&)VشiUxQv֡\"\nHOCI5@p:K.gVbֈ9-m#TߺjIZ~1*l;%p*ie*{s\Z\ZK:ص6\\\"u^듲	\\Mha|KpQy`odCA+MaeI4]7@\0O=.exBys(S})K[a_)h[ԏAm=l,jnV\\ƲW\0=P6l[\"uR@csp%M9=V$2ⴳ|\n\"=y|&i`4k4D6+e,K#\'˚ї&TeYjp.k5@IFl+I1;#Igp}#2\nj>֗1jc6V,k)h\"b͗5-K0U7Z	zmcL\rVJ\roޭ\\NՏivnBi*x» TaivêE4j@M+qP̗qՉT{HO]c+6qu^ufܵۖbx?\':HZ+߉FHA\\<kq:$l5YT|NK&\n]Sp2\0)u#*FD\'(n͖C*^?Q~4:VkxX\\(V\'NyfgFM_K7J2w朒[ڤGڲJm)?e:t_Bɟ>Q$WqkBoMoC6u\'rk~-ZI!(b˜7o*f9Y%#I7Ads.Y(}6VwJ;_t_4:Z^n0/,RX8da	qD6@\nso\\zߛ	ATSVзk~hcFc]W6o!B\0<f@W`L>b3l6e\rZգ:r?`{Kh%.B_- u$e,TxM(fT%4՟*\0>Υ{VcY5:ٮ2E_PRӖPժ~i$فjafW*l#=F2VmիXdˠԭoL8mjp!T5.62)[DgۙeF	w$_`ַ\04Sid| b͵E;hؚfܚZV%0P݄d_!@Ӡda.q\'Pt(8Pҥ\Z=KMBw\\\"\Z]|K,MJK<kL=6Jh/kv?8,OQ	]֑7\\0`0`0`?<?K/ڗH\Zk#ؔ>5%Kf$̗(gKKO4u\'_! [3nj EQWo\\6CeO&W4ًZUT\ZKW2?ˋM\'/?H{SM2Tim\0;fvJHۉ͢ԒƆ,jI|fd>xY1ɿ9sys3MT@Wʥ&((_ZjFU+0D`z(\rJ%\ZȚTt2*!2~)pieb֔08.!q,Xʥ9Gt=Pf\r<,(7q])K[.lU.xy	ᘓ2]pIȼp)CgW%ܢᘓ2_f۔V2IʻUkL]K-+I.)哱3dsaYbO0+DNɳߚS$`&b+`̤̯N[LH̴7Ls6KO1M\ZsTyTo!	34Ҩ<)nLHz)yiZA1=q5rimfKɤ2gXj2\rS#%eXjhHT`\"~]&E=c6\\2ܧXMZRpvy;ds{H62~5Ze]ks1>/IVk\'W;c5ldINd	wE4\'EfJVtIZԭ0d=7ָj&ٸSdߪam:QLH51g/RݴW*cMh\0կ{~qOz^Xb&d0ҽ+J\nca㶻;`PSc9%$DĥnB\nZ6WG*aJ\0Lm\0X+2S\Z6uRt1nsKO},(gHvNOH?%>7Wyj:6.İz֟Dr)eadX\Z<vaVؗ/]-7u3~SKcs5W9 5Nwdq)dH`׆KcbFJM[}9z!0q}+&\0X|dī5r)߾?\'҃jL;lͶK&޿#ֿ\nkTZio-V@I,\0ðђh99u#n$}c%Ӓ٥H7NN4%f|dzz^]L \nȧ\0BX\\]\r,jhGc/v^2_᥎Q9n?(dOo#~&oZݾ?-Q~氒z7a\'m16>6cԎr8G#&4/`է%XvZlTm1T\07nk3)(fڦ9\"}Oz>S×v5f8)JA1ʙwo\ni:])1z3)@Z2K,U{u2[Z4[d#-m:M%u0\05k@iV R?vĝ(SmRtdڳ\Z;\\\0\'5RtM%M(悑Җ߄d}bc#\0]f+BXUK m6 ߅NO2$:ƛa{-:\'F(U˒{5~Pua\0-{-0i.jcqҦ@JWT]7L7\rۄXHִi\ZERX˒Ǿ2)2cp/VMprc14岹F=ʵkuYO&K%yD5LH9|zwΘgM~Ov\"J?tn11%ئs׺6([I\'˿F6ZMP@ @ @ @BT2g\0aֻakUiYk3M{FٲȆfm6S?CD FS;C酦iɥsLuV zD=\'1 g;ɬ;!ަjNؘI	1!rG7U\0\ZZn4MA-|qM:)^7(itb󖝟vgLxG&ɇf\'i5\0=>r` |uϰC!\0,\0\0\0\0\0!1AQaq 0@P`p\0\0?!\0RRY\0<\0?>j\"P\0Da\Zem8<dn@@/5p\0V\08xCQqfo)\n%\0?_T,Xټ?bGhB\0ť(pLܷ351ڃHK\'Pft<P7H(4:s~U\'O.O-KKw;Oަ=M`%b7k^;4rv{(\rpY}l?7fiOz\'t!;BʼgE5v\'a{q:?hl0~}W>=i,6Bqd	N\0z/=77JC 6jh=qnX!v1hZ:*KXDB -;߯qY5˜LpQLhJ\\~::8Mi4է\Z\nwAǰ>t\0=tm;MI7~8A|ts̏\\0rT=8*T&4vi\Z{x1ޮү(mutJE2\'kyht\n4t:H1:\\5&0/h*ۍvlݘhi/O`S^0->0azbN!K0]d+6ֳRi!YYbkl+?jL&.5}6r;_5afl$ptks\0YWRZh]Y[u+(I5p|eAlBE0>l!Qw4!ﹼ\\\0w#.Xrtqtyݚ,a^U&\0_]!(!-6gGl\\XED@]UL6&]R9A}@FT?8*duޏQCͲPƞ@ޗpިR\\Oo^k;B#֕jŏ, bRm5Ӄ@%^\'8\0@TQVPwf\0C$r8V&XYpJi\0\\[9|we`\07׮]^\0eg\0J\rj>D^KeFS52a.t2^Z\Z䁡Ը%,̲Nle:OHŐ_vnY<mR?+%]\0[1 \0wm\'\0\rD/rJPDC^2h5[DP>&a\n(Cs/-;RrzFX8Q{iѨbGq>\ZEy+evՎ7TrfV=FlhjuzA PnÉ^!nwq0@ڙgueEݣ\07e~.	u~ë&ef֗nƀ)SS}È#]H־U7Iy9\rdc՜	n	SN]WyMp<C]O$A``D#\n.t_[B\\ͷY<r2GvW;+O73|c>ji@8hnO(p˘1G%lVQ_\"Ga9ӐQa4&hJs{ޢ4NPEvHxffRôKP:k<VuM[\'*J;_23`[#M%tB+nEwjhV㏶\\Ȉ7~N DURƋ3M46KM||1PԆp׭9u<>۟}\'ZXKoi[lwuOvvzuɼ	53(.\\v[Ցbj6]`HkH\'hZ>_\"wNޱn❰IH&0ިdy0;m`hLX\rh\0Dw?π4P40%=30)xXшؾIx}G2t dZ=1ځ^\Z8=pGt Z_䊌֎}pK\rS\'^c$`3K/s1։z t\nq)W&	_e 9(#̷6c\Z\'sO]L}:?M1޾|mjUgi[mPeX~MW>	|J;vtzC\r|C7zಇYPWA\n &t6\"Dfv .T](M]_EgN\'Hah6Nm@毴M7=fbҝ|6+uTEfi](*h|ØYn㕿DtqRPd*Ejh!Cd4Wi}o{z`VkK<(+McxL\\&.IVR\Z<:K\'S(\n%p> :^a/\ZJeVXfٖm0Ɠh~(kHH^h=US=+\r4NPq_kGR|t\0oqo28t}BԕPa|h껼Z\Zju*6MV\0w<]\ZSGNpwL^_GiYkDD3q|1,t^*2siM3ey+ƭ7Fe`\0+s~Oc)1[cZn͖ȒAvC=CI;\0:k1ǧ)epyw\\Ʊx!:?H33q?k!\'(-iBNwߊ텚b3+,(n n<0\\+,;&k/<=fg\\]S|].>?wptcЮg4N _>=Ѩ`OIF\n ?lXއQzF a\Zk?~]ߙڻeY<J;C<Ҷ%;=ezxWTE	\'Mr1Y=dWYB5E\'^\Z,n+ ^|¡innKu*{%GǸcP	cg9y]MH*تX\Z-y~3-rXwyG\n08\r\r\"AB؀oeT)鮼{?W5ʥͰ/Hbl}ru6g>]~NZX\0V`۠+{Kua	&ްcWǧ9o_&]K#]vr/E]($m0DŏP<\0eB~;70u͘`,\r^:1vwXN̾5\r7.*~ \r\"GT{_B1m?7IIeAFa2|3&tO/}L\Zgw/l<	a:/EI{:\rǉg=9\\\r؛[\'CKM-ui]]_g{<R\0owZ>?\0igR:Qo#A%+;neB[\0t.gIR7_$&֎4hמ)p\\\'DCИ)܆8&5\n{հQ<rf		il۝N\0.9Ϟ\0Yaǀ]C\r^WSP}/>[ǇvO3Gktcyd=&J.k[Ds53GY<8\"<\\:xn}eDCE?g\'dy^	[jfxT~I*Ș8<GP>XeKkوhT_M(ky/cX2MON?\'\'h8n|V=t1\0]	Z\0ܧsܩ]=&TvqCf\"2IC![cY[z:ɚ}\nuVۇzzߍņ)vVng@ۙ>sFE<O^G\\6Y@p.4*G/\0.L[iiʎ.nO8kWu\ratԬN7m]=n6*yvsZaHWR_ן8vǁݿYyk3_]	6IaCE\"\n9+K_?&8&887M]]%_ȡZQ<fH&]Gx5\\?\0ks*{~+ݟ.0ϧ].\0i	jAiwTHS3cXKH>_aJ5]ˤMHg/\0m}\'8@-ƿsGU~Rh9˝\n\"e[lR%M5c ݜE?Yk\nZ\0>Aާi$%~= \0<Y+0:%\0\ZiZiПH6(۶IZaCWQ~zc!bt5H0\0M̱o\r/juZݗsi<ˆã-KW	uіK&ذjtnh\ni\Z3і\n=% *_oVJ9:S _Xo&Y\\\rݣHDy[U	@:D\n=OziSuRZ+v3MH7/QΑr+/^1DB\0u|=?Hq]/i~4E`f N%xY{T>l/d<O2MdhNqJA]bjYp9#W~I|=>S¦ݥt>BC&y7uRN޹rJL\0Sªg_pyBw|VHxI楖׏YEDB_.\Za!Cs7P5$/MJ z\"SA+&y.YOj?rh?\\0_S3;sk)y2:M\'7QO^SAoSiD$=n4h٘\'/;UM3,rhSq:kc5fvcJT_JQp?$TOI l?@\r<&ꇎd 4GC95\ZOjF:SR](v?%ciO(u¶~f<>ǌ͓B?(	ldVN<ð|񐰭DhS|̟Q~Ṃiv0}_h=.j|R|?#R[:\rUЌ![}9	|h#>xc翔[Frc⊽<+~w\0\r^\0ڟtwd8j!\"u{ _iu|KJnӛU\0*|Ѹ]#k=+oV\Z_?X۫uP_!M}˗5ߣcrωJNݼ,Tx=,\0X3eB-4edJwj\0PC/Iyw-;O\0vHlX؍cO/fPnX9Mt\rV.)DΉ\rfdO}VL*mzP6동5;MNk,~n\\T~CrnO&cKuL0^\0T7}b]{db\"\\LVe T,2<m67ĽOM=\\vJ]\rmRr#D@,Vy<<qSBY{c pK<Чk㯢P4OIi{)Ԯb_-![y+cdTz5;J<^l\ngYSOz[t#Jt1ٶ]3R@r\0\\M˞T_\0q<*\r\r\0RmU\0nwz3w}#y=S!Bܴe7PuҶzAO-\r1\ni\"\Z?kcNrHK\'wׯmvO?_(Z\0`ZCKcRo{5?OI@`ũ\0x2#Qۖ-QWtfEC-Z0Cӟ\0^WQ[gy[W+ƚmWHJy.\Zh[b.:A.QERFoy/=ȦWm~kܚ\rc7^]ko\rc43{q.\0tH;mtô-U\\繿gv#ZULrEJ)<\n=΄ў?\0o_`p`^I|H{߶~Tũ<hxcvoT8^,pu_$vB/ΣM#jOYBY7eX/Ym:.>1Kq:I\Z&ܱ]ZR9p\'Nuv58k@⎮=y\ro}dnAs47mLe#gK3~1Hؚ1|	\'p瘵}]qR]_ɟh\n~ml3Sx<<VY\0N\0$XfHjɟeGs.uHu>(0w&]ڃ,(AfyCr$I\'2ƚ;CӪ82دC6/=S@دHP8sq8PVxb≹5Pv?O;Tk8>	?\0#뼹ԫ.6k\r1FVq>+\\\ni#v;r\rl@qk9?V7a\0iSѷ<Y]	mX.\Z=dMS;lMqs[,]ӑ\r[_\\d*ߤmStG}@,l^ւ5uꧤdZUyM	V\\:7YPG(`7-ν~UZ\ZJ3+V0峖\"Sj\04;+{o|t+WEGO0y4|r;:u!Va^Fqa[{$h7PURѺtS*gn,V]rh e;Cƅ\\l2;FYt,a\'/~/够J1?GBD5;.w׼b\Z[e[\\\05fGOHt!`HtT2<\nz(G\\tyQ+np~<\0(#sjK8]5gxG_QHNr[Fei>b\\\n+B-Ǭ~\'9+\\7/Ҷo|\Z3!3vB8[\Z0=L+\ZOiu!:8;/VThQ-olK?_ P<͐ɰKTFT2u{OUQOUvy̻l㴫:_g\nJsG\\ofM zJraRGF^s3]	:`vgqQ%7\"њNFC>Pzh\'s/3JA],7~HIIS4~!b/,En(_Q5Q~d5	ܤZpA~\0ykqdsf]\rgmJّh6^8er<_\"DEe\"ToLm+h{Q(pDiCtM=?f\0]/YM|_ӼPlMc*=G\\Y&QIctkV4IeJ:\0\Z?¹2\0KMi៌>众RI˗ĸq.NG>;e-Y>Èf\n59Qy)Zֵ^VKˏ`7uꯅϷ_MOq-l/04w/=PȻʐ+~ a|osj)k)p\rXui1SeĸcHhjnfk|J\0*Qu.\\r˗~\np<.nVlRo\Z/EO1ó31e\"֝:n6jlFw+K-/dH뇬	\0W7\Z=:QZ\\&n뇈\"wHT¼36D|D?eo\Z0hV#dR=	q`3a}jܫ{e!]tG=~zS1\0UiI)B]xgO#6/\rog1<-*J<jy\rhI`V7e*M;7]r厈u7!\0T@{Ss`9guKz˃pcrI}e/	{2~\ruW/sH^K@0yЈ+ T0ÂhP1lFý32@5e%*SG\Z ߘu<Qi\nnO1JOݗ.}>gN+\\gO,b,t<&q.l> VW_?\rR}\0L15[\\r_#>GL8̰ܹsv\'d{GkX}nLϣM5kq.d[]f}(3]q4`̠2	Y3Tʙ/6\"u%e	8o;:LN!Ua8ՉWs;mNLju+TMN,Q-G֚l51NN\0,\re4X/wh-ף=#[Y,*}ǬdWT@Y].DܫKmWHj^ܿ	o5WT]x_h*Jz]wi˗/[u3泄HٰB)K7`B躪ē-\0nFH&.cδ 4kϲ\\g;a8&KS@HZp3S!Clb,+[,\r!\0YiRhIz1PaP`0({$^*nq݇C\\\"}Yh>J\rVg2آ4x__˗.\\v1\nEaTݸA/\0+^EԦty\0!e!섡rC~P-^}>VȠSz3+@\"09k\0ZL_\0S\0p{eA/?aݥ]ځk%+W`koW\\rG.($X{wڥaFr f*!/ ״CsA2q)uyi\'Zmâ\Z:o1Iq\025G90vVqi$9~R]gv\\IMRw8{A\ryL!,i._oO\Z\04Vq4-ﷁ5\n\\tSZ&Qn{qu5NZZjoŭb޲4WK=._\0E7˳V jRo!h.H4)a/O8$7pXi768i=j⪀V}(J,c%4߆ۥL)SeɲL5yBv(N|\\!<P7gq\rovXkJ\ZT?36>>K&lS2jU?wkslZ~x|n_a}S+1/9\rQBchӖמ(xл:̤5	RUXU;1|Ti·A#sfcJַuv]iL!Lޑ-[[0bA,%Sþ\rXmBi])YF+]vY.T2T]٫L_©ȭaM^6ts6WNmg͕,Y._r6v;,J~J?c\",9\'r$SAymz:px/67{z.\\Oꂋ8i</[*6Tcj[6Q@q7&(9}bܐWD\ri#Xz-h-vх:dv\r`F;pfc\nЪ+dJ]aRg#Q#z_\\rʨ7qMHHsPrpYvO^a3R{}&CDTu9n僖8@Μf縍{ę|vXK˕R\Zp%a4ZRs8u~ƝgCɅ?=\"dky\'E;L-uZun4%\r}Oוnf\0\\Bޟ\"ۡ=\\}0u%ehZ2ۦ\Zu5=U\'\'}f8p=<\0:ɭxn{아W>:׍l<s6}g_F|1=fPڐ_`ܴ\0xvy\Z}͵\Z[|2T*l~Ts#Q0g<$dnyu3OH6<\\˺sԄJ\0RFEԻ\'Wm>[T2OLgUBߍo4v]E5\0N[\'\\̑9_z5G*^,kwV:P%OxpN*W,eԯwOXe5>r (%4Ɋ|ƺE(0V2nM3=\'-zo\rO-[Ia۝WM#yc2	jM>e} @{@/(|Plhk͜Dק3o4MP00=HAI.c}g0Wx\Z@s9 &=knqqXJ cA>+n\\rd<,rxkv>hòRa1&Ws:75L_\0|?+\r(ZCfsFu8ͺ;5@yLazެ!O\nJ\0}FӭJ58G7u.KV:	g?qO=3NW|x_,4xjZk*j<>NTBO8\Z\ZMA/-*4]BK\\2t<9eRxSL.ӨНhΨ䨦U$ynY&ZcSP9.=+L$r8ǳބ gh7ZxG\rmsR\r~rqzQȤ\nI֏,zȳSim(8hT3J-:=l\Z-m=	bcc8V<[.V\0ƿqS+W_mwd{&?6*C+i\0!n-訵SFm77\\U3F{FfiפЪ|bL0ѧ%R#]Fzk;m=hD.O>;cљ;\"ztv;j-2ݹJ)l7%(Κ<*WHeZ\'?_.cfzb04GQf. /܆gv郬c5@yA{ٮeNX$Kt\'_!O(wƯCYꅹ!e{qt%ǜOVG\Z\n\0mk͘d(s<tMP{M}k)Γ\\aʸ՘^CҮBIikS}[u\\3t^1z<|a-:-#jHzQvb=U(Sn/t6$DlM)\r`&@<\0OsN~lsƤX\"3!v|@R\0\\.Pih%\"%uJM\Z4fu<hՙ[k˖b\\!Nϔ?pp38_듯#NVj\Z)KrjFV^%Lx,]2SU*u.\0t{C\ZqB/TsMXT-e+5rPa} #dw8tb]j*kXꣁgCw2=gU<pFW,2p\Zٍtդ_A3:)tnE.`YVAƗs#ӁKot\ZxdrG)öZy\"1`KM| -iHw\rk``k^>yw+J״)=O:2.ѣgpvttX/>A\"d.H./<%\ne8|-o^	7bb\rb0!dk_Gc0N`g@E!>8GRKY/ktP2ú\"z;Dt0nGDjs)\\_¡F:1VPtM#Q\"5Ӄ	ˮ^zz;|\\k=I%^aiH@اyؖ]L\02\Ztti2ʢ,\n*Ъ.vgs<goՐAä4͝]f|Y/FhV	͹KMQMw\'1:}?SW톞R%6d6`rꡗwX;[NB\n$%5`\ZXA<P~+_cL:K!{\"fډaC@\0d~Ȼu5gr=~~Q<YmAviTfykhF\096z]34`mYgzB?*4%Ipks\\ؽBoXk3LxfɅ~y!?@H\'hMFq`TlgjM0rz^c;\rLl@bͷIYޏx+fT}s᥈_@Nqrt,^q78ۥi46p5S%w=	r<.dDXvo{X17x7\'G?\0	Yh2pMk+Qk4,=:8MOɉN̺em^+}VCWS툿]ጎ ds Fs@:K)16o_4nD0Ֆ3TL}>R&#^OzA_\0ޮa+KR\'s\r\'F_	xۼNSG\"yt:VT7V\0qxj׈۾d\rF\\c_8c\0Ru9bGt[|;qw d!|kJ>+Q{̚SemCM2qOIHT9ggm_O\0\\mT\'9{ӯ@7awSIIA:vG0kcTbԦ1QN֏H\n#(֨-LzO8[sEW+OP/4QqB2%G5B\n-\0r-d5i+VkTAFOFxVo\n)fޠSKW=<1޸KÝKr[ y@2)@s&&̒\"Yncvƕk^ⷎwR_T@u\"h|Ƴx\\;	n7,xSkQ;\Z\ZV+_fW\'0ڧmj][\r\n\0PfK9MkFV4(	(;wL՝8	e]v8-I\Z۶QӦYM{1KUq?}4T0,.tYQ+#Tg*g	?F+\'ŪdVWy*eΈ=~oRѼi,Ghubt+솙/Wj,*xwx2oqe9b:YDǖkG+,tq]o5I!Du]َ:2\0H_YTG<?J~L7Oqn2ˡ3u#Q&*sI\r(6!!Cl s&1;WZ qf~p=!i\r\\wWKjjT߉)s\Z	XN߽5ZF9I+rJo@~\ZUT{-ָ!QyV&qZ]oCJihZ*wm	H]O,:ӢYk4V<ZYYw91N\ZgdfKȳ?05^YmcRPCύ\"OX&y3[5wp4\rksea#U|&;oQz̻Buj7]mL?D}G#OEq\ZpNFl;.2rnqj>\"nmN\0Bᣃ`(Av~Kk7\\fW@לLuƲ\n-J8?8$YOͮY*61	̰4ݻ4\Z3TpfdGkI*\\){vtM1}6\"zVmG\0LL:Sj8aڕp\ZA҃lSjQFy:xq2uV%9 q0Y׶ĸ?K65jhf^\'\Z鼣˽5(@p;&wQF#5\nkloCM!(xfHAS]@`uT	\rc,XL7w.O~\\SBNck|^ղ_yQ_@4]u%hSqKw`8йcP\Z;1:YzΫu^WgU:YzΫu^WgU:YzΫu^WgU:YzΣ\0f^#R~-}&\"]5BNac8T/LL+*\rd\'x3]\'rfGr\Z|>){x5~<<ɫTMDZ	4آf!=naާ\n~rPfe%NL[˱ޝ;?\ZԽ/l[5Ӡϕ\0EqpjչNሐ\n81/·,%2\\wӬCn\rjP69[\'iʶV*+7mmI.ʪ\Z0NlGR}g7~kW/vYm<K7QӢ`-FO[L﯁}\ZVZxjZxz5[@C-98XܿYX<@հvҕ]\0*2_Pe\0y\ru@o3\Zư\ZE)\nsw[c^6fG\"-	j,KX49{yܗNBr󩒺CZς;n2YZNon<yZ9wz2:DlFz|NvaY\0 Udxv|9&}jjRRk#-\"JpE5Uik4\\6[ᔛ^]\"@S*͵\Z5Kb=<Em`ΑK:h%C*.앢\0{i=6<mQ]ɬfeìSCjL;OPy\0!7=P^o{NΆR֚z:3DB[]Et\ry  ƀAtqG\Zt}9@GQv,LccL\0<lr2OCkY&fXs=f:SLZ:acW3{\0D;M[ૌQc	?E	D(\ZJ[@$`\0譃1p	Go٭U^wKV(HVk&w<3{aUGEo\r\n,r35Qk|poK5e,߂^+}Fjg\'35:GnX2	\r\\ߓ:V[nd$7u-c`I=0\0rMo)fI\n\\|Th\'\"V&LW6̏41Dq寝vJEJ1)%fѩo$?BzLm؉UW\n>Rǜ4>K=펬\\74GJws48N<|M)Hf7Ħϛ]i`^h+\\ǇYpyu2TJmu{ߧ|mgelZ5Fq;jC9y\r´xL\nlAu30kTi.ǙCIbJS-/ǫ1u3iLD+[ߊ\r{Q]A_Me	<)X=@(]gbysԪtq(A\\\0~w/}[-:;vV}?>hۭփU[;b1M[WYeN7v]W}/vd>};?7tf:lwep3ވ&\'\0m1i+aB0;M}BoD9́7U_;\\=2*OxdhaW7r\\b]Uݕ\\','2020-03-01 18:01:00',0,'2020-03-02 01:01:00');

/*Table structure for table `tbl_branches` */

DROP TABLE IF EXISTS `tbl_branches`;

CREATE TABLE `tbl_branches` (
  `branch_id` int(11) NOT NULL AUTO_INCREMENT,
  `branch_name` varchar(255) DEFAULT NULL,
  `status` int(11) DEFAULT NULL,
  `date_added` datetime DEFAULT current_timestamp(),
  PRIMARY KEY (`branch_id`)
) ENGINE=InnoDB AUTO_INCREMENT=6 DEFAULT CHARSET=latin1;

/*Data for the table `tbl_branches` */

insert  into `tbl_branches`(`branch_id`,`branch_name`,`status`,`date_added`) values (1,'Abanao Square',1,'2020-01-12 16:24:45'),(2,'Arcadian Bldg., Km. 5, La Trinidad',1,'2020-01-13 02:37:11'),(3,'Buyagan, La Trinidad',1,'2020-01-13 02:37:20'),(4,'Ucab, Itogon, Benguet',1,'2020-01-13 02:37:28'),(5,'EGi Albergo',1,'2020-01-13 02:37:35');

/*Table structure for table `tbl_classes` */

DROP TABLE IF EXISTS `tbl_classes`;

CREATE TABLE `tbl_classes` (
  `class_id` int(11) NOT NULL AUTO_INCREMENT,
  `class_title` varchar(255) DEFAULT '',
  `status` int(5) DEFAULT 0,
  `date_added` datetime DEFAULT current_timestamp(),
  PRIMARY KEY (`class_id`)
) ENGINE=InnoDB AUTO_INCREMENT=3 DEFAULT CHARSET=latin1;

/*Data for the table `tbl_classes` */

insert  into `tbl_classes`(`class_id`,`class_title`,`status`,`date_added`) values (1,'All Levels Regular Class',1,'2020-01-14 16:48:54'),(2,'White Belts All Ages',1,'2020-01-14 16:48:54');

/*Table structure for table `tbl_classscheds` */

DROP TABLE IF EXISTS `tbl_classscheds`;

CREATE TABLE `tbl_classscheds` (
  `classsched_id` int(11) NOT NULL AUTO_INCREMENT,
  `schedule_id` int(11) DEFAULT NULL,
  `schedule_date` date DEFAULT NULL,
  `attendance` text DEFAULT NULL COMMENT 'attendees',
  `date_added` datetime DEFAULT current_timestamp(),
  PRIMARY KEY (`classsched_id`)
) ENGINE=InnoDB AUTO_INCREMENT=2 DEFAULT CHARSET=latin1;

/*Data for the table `tbl_classscheds` */

insert  into `tbl_classscheds`(`classsched_id`,`schedule_id`,`schedule_date`,`attendance`,`date_added`) values (1,1,'2020-02-20','[{\"student_id\":\"1\",\"status\":true,\"remove\":false,\"origstat\":false},{\"student_id\":\"2\",\"status\":true,\"remove\":true}]','2020-03-02 01:17:29');

/*Table structure for table `tbl_inventory` */

DROP TABLE IF EXISTS `tbl_inventory`;

CREATE TABLE `tbl_inventory` (
  `inventory_id` int(11) NOT NULL AUTO_INCREMENT,
  `item_no` varchar(255) DEFAULT NULL,
  `item_name` varchar(255) DEFAULT NULL,
  `item_desc` varchar(255) DEFAULT NULL,
  `remarks` text DEFAULT NULL,
  `date_added` datetime DEFAULT current_timestamp(),
  PRIMARY KEY (`inventory_id`)
) ENGINE=InnoDB AUTO_INCREMENT=7 DEFAULT CHARSET=latin1;

/*Data for the table `tbl_inventory` */

insert  into `tbl_inventory`(`inventory_id`,`item_no`,`item_name`,`item_desc`,`remarks`,`date_added`) values (1,'ITEM-0001','test','desc',NULL,'2020-02-01 21:22:14'),(2,'ITEM-0002','Regular Uniform','uniform for regulars',NULL,'2020-02-01 21:23:10'),(3,'ITEM-0003','Poomsae uniform','abc',NULL,'2020-02-01 21:24:14'),(4,'ITEM-0004','abcitem','sjngj',NULL,'2020-02-06 19:29:18'),(5,'ITEM-0005','qwe','asd','qwerty','2020-02-10 23:02:25'),(6,'ITEM-0006','Aut m','Ut au','Labor','2020-02-10 23:06:04');

/*Table structure for table `tbl_membership` */

DROP TABLE IF EXISTS `tbl_membership`;

CREATE TABLE `tbl_membership` (
  `membership_id` int(11) NOT NULL AUTO_INCREMENT,
  `membership_name` varchar(255) DEFAULT NULL,
  `status` int(5) DEFAULT NULL,
  `date_created` datetime DEFAULT current_timestamp(),
  PRIMARY KEY (`membership_id`)
) ENGINE=InnoDB AUTO_INCREMENT=4 DEFAULT CHARSET=latin1;

/*Data for the table `tbl_membership` */

insert  into `tbl_membership`(`membership_id`,`membership_name`,`status`,`date_created`) values (1,'Regular',1,'2020-02-27 05:25:23'),(2,'BBC',1,'2020-02-27 05:25:27'),(3,'Pomsae',1,'2020-02-27 05:25:32');

/*Table structure for table `tbl_packages` */

DROP TABLE IF EXISTS `tbl_packages`;

CREATE TABLE `tbl_packages` (
  `package_id` int(11) NOT NULL AUTO_INCREMENT,
  `packagetype` varchar(255) DEFAULT NULL,
  `packagedetails` text DEFAULT NULL,
  `pricerate` varchar(255) DEFAULT '',
  `year` year(4) DEFAULT 2020,
  `remarks` text DEFAULT NULL,
  `date_added` datetime DEFAULT current_timestamp(),
  PRIMARY KEY (`package_id`)
) ENGINE=InnoDB AUTO_INCREMENT=9 DEFAULT CHARSET=latin1;

/*Data for the table `tbl_packages` */

insert  into `tbl_packages`(`package_id`,`packagetype`,`packagedetails`,`pricerate`,`year`,`remarks`,`date_added`) values (1,'Regular','{\"class\":\"1\",\"sessions\":\"8\"}','400',2020,NULL,'2020-02-01 21:24:33'),(2,'Unlimited','\"26 days\"','1000',2020,NULL,'2020-02-01 21:24:53'),(3,'Summer Promo','[{\"type\":\"input\",\"particular\":\"2020 Insurance\",\"price\":\"1000\"},{\"type\":\"inventory\",\"particular\":\"3\",\"price\":\"300\",\"stock_id\":\"\"},{\"type\":\"inventory\",\"particular\":\"2\",\"price\":\"500\"},{\"type\":\"input\",\"particular\":\"abcd\",\"price\":\"10\"},{\"type\":\"input\",\"particular\":\"wqyu\",\"price\":\"10\"}]','1820',2020,'aa','2020-02-01 21:26:03'),(4,'Summer Promo','[{\"type\":\"input\",\"particular\":\"Package 1\",\"price\":\"0\"},{\"type\":\"inventory\",\"particular\":\"3\",\"price\":\"300\",\"stock_id\":\"\"},{\"type\":\"inventory\",\"particular\":\"2\",\"price\":\"500\"},{\"type\":\"inventory\",\"particular\":\"4\",\"price\":\"300\"}]','1100',2020,NULL,'2020-02-01 23:49:57'),(5,'Unlimited','\"abc\"','1200',2020,NULL,'2020-02-02 00:24:49'),(6,'Regular','{\"class\":\"2\",\"sessions\":\"5\"}','1000',2020,NULL,'2020-02-02 00:25:16'),(7,'Regular','{\"class\":\"1\",\"sessions\":\"4\"}','200',2020,NULL,'2020-02-02 00:25:41'),(8,'Unlimited','nhbhbgv','20329',2020,NULL,'2020-02-04 01:33:07');

/*Table structure for table `tbl_paymentshistory` */

DROP TABLE IF EXISTS `tbl_paymentshistory`;

CREATE TABLE `tbl_paymentshistory` (
  `payment_id` int(11) NOT NULL AUTO_INCREMENT,
  `invoice_id` int(11) DEFAULT NULL,
  `student_id` int(11) DEFAULT NULL,
  `ornumber` varchar(255) DEFAULT NULL,
  `ordate` datetime DEFAULT current_timestamp(),
  `paymentoption` varchar(255) DEFAULT NULL,
  `amount` varchar(255) DEFAULT NULL,
  PRIMARY KEY (`payment_id`)
) ENGINE=InnoDB AUTO_INCREMENT=4 DEFAULT CHARSET=latin1;

/*Data for the table `tbl_paymentshistory` */

insert  into `tbl_paymentshistory`(`payment_id`,`invoice_id`,`student_id`,`ornumber`,`ordate`,`paymentoption`,`amount`) values (1,1,1,'Test Payment','2020-03-02 01:06:29','staggered','1000'),(2,2,2,'Test Payment 1','2020-03-02 01:07:33','full','2260'),(3,1,1,'or123','2020-03-02 01:11:52','staggered','300');

/*Table structure for table `tbl_ranks` */

DROP TABLE IF EXISTS `tbl_ranks`;

CREATE TABLE `tbl_ranks` (
  `rank_id` int(11) NOT NULL AUTO_INCREMENT,
  `rank_title` varchar(255) DEFAULT NULL,
  `status` int(5) DEFAULT NULL,
  `date_added` datetime DEFAULT current_timestamp(),
  PRIMARY KEY (`rank_id`)
) ENGINE=InnoDB AUTO_INCREMENT=4 DEFAULT CHARSET=latin1;

/*Data for the table `tbl_ranks` */

insert  into `tbl_ranks`(`rank_id`,`rank_title`,`status`,`date_added`) values (1,'abc',1,'2020-02-19 23:45:13'),(2,'Level 1',1,'2020-02-19 23:45:18'),(3,'Level 2',1,'2020-02-19 23:45:23');

/*Table structure for table `tbl_schedules` */

DROP TABLE IF EXISTS `tbl_schedules`;

CREATE TABLE `tbl_schedules` (
  `schedule_id` int(11) NOT NULL AUTO_INCREMENT,
  `branch_id` int(11) NOT NULL DEFAULT 0,
  `class_id` int(11) NOT NULL DEFAULT 0,
  `sched_day` varchar(255) DEFAULT NULL,
  `sched_time` varchar(255) DEFAULT NULL,
  `status` int(11) DEFAULT 0,
  `date_added` datetime DEFAULT current_timestamp(),
  PRIMARY KEY (`schedule_id`)
) ENGINE=InnoDB AUTO_INCREMENT=4 DEFAULT CHARSET=latin1;

/*Data for the table `tbl_schedules` */

insert  into `tbl_schedules`(`schedule_id`,`branch_id`,`class_id`,`sched_day`,`sched_time`,`status`,`date_added`) values (1,1,1,'Tuesday','10:30-11:00',1,'2020-01-14 17:15:43'),(2,1,2,'Tuesday','11:00-12:30',1,'2020-01-14 17:35:12'),(3,2,1,'Tuesday','10:30-11:00',1,'2020-02-02 00:11:18');

/*Table structure for table `tbl_stocks` */

DROP TABLE IF EXISTS `tbl_stocks`;

CREATE TABLE `tbl_stocks` (
  `stock_id` int(11) NOT NULL AUTO_INCREMENT,
  `inventory_id` int(11) DEFAULT NULL,
  `branch_id` int(11) DEFAULT NULL,
  `item_unitprice` varchar(255) DEFAULT NULL,
  `input_stocks` int(50) DEFAULT NULL,
  `remaining_stocks` int(50) DEFAULT NULL,
  `supplier` varchar(255) DEFAULT NULL,
  `remarks` text DEFAULT NULL,
  `date_added` datetime DEFAULT current_timestamp(),
  PRIMARY KEY (`stock_id`)
) ENGINE=InnoDB AUTO_INCREMENT=11 DEFAULT CHARSET=latin1;

/*Data for the table `tbl_stocks` */

insert  into `tbl_stocks`(`stock_id`,`inventory_id`,`branch_id`,`item_unitprice`,`input_stocks`,`remaining_stocks`,`supplier`,`remarks`,`date_added`) values (1,1,1,'1000',100,100,'abc',NULL,'2020-02-01 21:22:14'),(2,2,1,'500',10,10,'none',NULL,'2020-02-01 21:23:10'),(3,3,1,'300',30,30,'none',NULL,'2020-02-01 21:24:14'),(4,1,1,'300',50,50,NULL,NULL,'2020-02-01 21:25:20'),(5,1,1,'1000',20,20,NULL,NULL,'2020-02-01 21:25:32'),(6,3,2,'300',1000,500,'laser','','2020-02-01 21:54:41'),(7,3,1,'350',10,10,'abc',NULL,'2020-02-01 21:57:07'),(8,4,1,'100',10,10,'dsf',NULL,'2020-02-06 19:29:18'),(9,5,1,'456',123,123,'zxc',NULL,'2020-02-10 23:02:25'),(10,6,5,'Quisq',7,7,'Alias',NULL,'2020-02-10 23:06:04');

/*Table structure for table `tbl_studentattendance` */

DROP TABLE IF EXISTS `tbl_studentattendance`;

CREATE TABLE `tbl_studentattendance` (
  `studatt_id` int(11) NOT NULL AUTO_INCREMENT,
  `student_id` int(11) DEFAULT NULL,
  `classsched_id` int(11) DEFAULT NULL,
  `status` int(5) DEFAULT NULL,
  `date_added` datetime DEFAULT current_timestamp(),
  PRIMARY KEY (`studatt_id`)
) ENGINE=InnoDB AUTO_INCREMENT=3 DEFAULT CHARSET=latin1;

/*Data for the table `tbl_studentattendance` */

insert  into `tbl_studentattendance`(`studatt_id`,`student_id`,`classsched_id`,`status`,`date_added`) values (1,1,1,1,'2020-03-02 01:17:29'),(2,2,1,1,'2020-03-02 01:17:29');

/*Table structure for table `tbl_studentcompetitions` */

DROP TABLE IF EXISTS `tbl_studentcompetitions`;

CREATE TABLE `tbl_studentcompetitions` (
  `studcomp_id` int(11) NOT NULL AUTO_INCREMENT,
  `student_id` int(11) DEFAULT NULL,
  `comp_title` varchar(255) DEFAULT NULL,
  `comp_type` varchar(255) DEFAULT NULL,
  `comp_date` date DEFAULT NULL,
  `comp_venue` varchar(255) DEFAULT NULL,
  `comp_awards` text DEFAULT NULL,
  `remarks` text DEFAULT NULL,
  `photos` blob DEFAULT NULL,
  `date_added` datetime DEFAULT current_timestamp(),
  PRIMARY KEY (`studcomp_id`)
) ENGINE=InnoDB AUTO_INCREMENT=2 DEFAULT CHARSET=latin1;

/*Data for the table `tbl_studentcompetitions` */

insert  into `tbl_studentcompetitions`(`studcomp_id`,`student_id`,`comp_title`,`comp_type`,`comp_date`,`comp_venue`,`comp_awards`,`remarks`,`photos`,`date_added`) values (1,1,'Test Competition Title','Test Competition Type','2020-01-10','Test Competition Venue','[{\"award_name\":\"Champion\"},{\"award_name\":\"Best in Competition\"}]',NULL,NULL,'2020-03-02 01:29:36');

/*Table structure for table `tbl_studentinvoice` */

DROP TABLE IF EXISTS `tbl_studentinvoice`;

CREATE TABLE `tbl_studentinvoice` (
  `invoice_id` int(11) NOT NULL AUTO_INCREMENT,
  `invoice_number` varchar(255) DEFAULT NULL,
  `student_id` int(11) DEFAULT NULL,
  `status` varchar(255) DEFAULT 'unpaid',
  `amount` varchar(255) DEFAULT NULL,
  `date_added` datetime DEFAULT current_timestamp(),
  PRIMARY KEY (`invoice_id`)
) ENGINE=InnoDB AUTO_INCREMENT=3 DEFAULT CHARSET=latin1;

/*Data for the table `tbl_studentinvoice` */

insert  into `tbl_studentinvoice`(`invoice_id`,`invoice_number`,`student_id`,`status`,`amount`,`date_added`) values (1,'INV2020-0001',1,'partial','1350','2020-03-02 01:06:40'),(2,'INV2020-0002',2,'paid','2260','2020-03-02 01:07:45');

/*Table structure for table `tbl_studentlogs` */

DROP TABLE IF EXISTS `tbl_studentlogs`;

CREATE TABLE `tbl_studentlogs` (
  `studentlog_id` int(11) NOT NULL AUTO_INCREMENT,
  `slog_title` varchar(255) DEFAULT '',
  `user_id` int(5) DEFAULT 0,
  `date_added` datetime DEFAULT current_timestamp(),
  PRIMARY KEY (`studentlog_id`)
) ENGINE=InnoDB DEFAULT CHARSET=latin1;

/*Data for the table `tbl_studentlogs` */

/*Table structure for table `tbl_studentmembership` */

DROP TABLE IF EXISTS `tbl_studentmembership`;

CREATE TABLE `tbl_studentmembership` (
  `studmem_id` int(11) NOT NULL AUTO_INCREMENT,
  `student_id` int(11) NOT NULL DEFAULT 0,
  `year` year(4) DEFAULT 2000,
  `membership_type` text DEFAULT NULL,
  `membership_price` varchar(255) DEFAULT NULL,
  `insurance` text DEFAULT NULL,
  `invoice_id` int(11) DEFAULT 0,
  `date_added` datetime NOT NULL DEFAULT current_timestamp(),
  PRIMARY KEY (`studmem_id`)
) ENGINE=InnoDB AUTO_INCREMENT=3 DEFAULT CHARSET=latin1;

/*Data for the table `tbl_studentmembership` */

insert  into `tbl_studentmembership`(`studmem_id`,`student_id`,`year`,`membership_type`,`membership_price`,`insurance`,`invoice_id`,`date_added`) values (1,1,2020,'1','1000','{\"avail\":1,\"price\":150}',1,'2020-03-02 01:06:40'),(2,2,2020,'1','1000','{\"avail\":1,\"price\":60}',2,'2020-03-02 01:07:46');

/*Table structure for table `tbl_studentpackages` */

DROP TABLE IF EXISTS `tbl_studentpackages`;

CREATE TABLE `tbl_studentpackages` (
  `studpack_id` int(11) NOT NULL AUTO_INCREMENT,
  `student_id` int(11) DEFAULT 0,
  `invoice_id` int(11) DEFAULT 0,
  `package_id` int(11) DEFAULT 0,
  `details` text DEFAULT NULL,
  `date_added` datetime DEFAULT current_timestamp(),
  PRIMARY KEY (`studpack_id`)
) ENGINE=InnoDB AUTO_INCREMENT=3 DEFAULT CHARSET=latin1;

/*Data for the table `tbl_studentpackages` */

insert  into `tbl_studentpackages`(`studpack_id`,`student_id`,`invoice_id`,`package_id`,`details`,`date_added`) values (1,1,1,7,'{\"class\": \"All Levels Regular Class\", \"class_id\": \"1\", \"schedule_id\": \"1\", \"sched_day\": \"Tuesday\", \"sched_time\": \"10:30-11:00\", \"branch\": \"Abanao Square\", \"sessions\": \"4\", \"sessions_attended\": 1}','2020-03-02 01:06:59'),(2,2,2,5,'{\"detail\": \"\\\"abc\\\"\", \"sessions_attended\": 1}','2020-03-02 01:07:53');

/*Table structure for table `tbl_studentpromotions` */

DROP TABLE IF EXISTS `tbl_studentpromotions`;

CREATE TABLE `tbl_studentpromotions` (
  `promotion_id` int(11) NOT NULL AUTO_INCREMENT,
  `student_id` int(11) DEFAULT NULL,
  `rank_id` int(11) DEFAULT NULL,
  `ses_attended` int(11) DEFAULT NULL,
  `next_rank` text DEFAULT NULL,
  `photo` blob DEFAULT NULL,
  `remarks` varchar(255) DEFAULT NULL,
  `date_promoted` datetime DEFAULT current_timestamp(),
  PRIMARY KEY (`promotion_id`)
) ENGINE=InnoDB AUTO_INCREMENT=3 DEFAULT CHARSET=latin1;

/*Data for the table `tbl_studentpromotions` */

insert  into `tbl_studentpromotions`(`promotion_id`,`student_id`,`rank_id`,`ses_attended`,`next_rank`,`photo`,`remarks`,`date_promoted`) values (1,1,1,0,'{\"rank_id\":\"2\",\"rank_title\":\"Level 1\",\"ses_needed\":\"10\"}',NULL,NULL,'2020-03-02 01:06:40'),(2,2,1,0,'{\"rank_id\":\"2\",\"rank_title\":\"Level 1\",\"ses_needed\":\"10\"}',NULL,NULL,'2020-03-02 01:07:46');

/*Table structure for table `tbl_students` */

DROP TABLE IF EXISTS `tbl_students`;

CREATE TABLE `tbl_students` (
  `student_id` int(11) NOT NULL AUTO_INCREMENT,
  `reference_id` varchar(255) NOT NULL DEFAULT '',
  `lastname` varchar(255) NOT NULL DEFAULT '',
  `firstname` varchar(255) NOT NULL DEFAULT '',
  `middlename` varchar(255) DEFAULT '',
  `extname` varchar(255) DEFAULT '',
  `nickname` varchar(255) DEFAULT '',
  `address` text DEFAULT NULL,
  `mobileno` varchar(255) DEFAULT NULL,
  `telephoneno` varchar(255) DEFAULT NULL,
  `emailadd` varchar(255) DEFAULT NULL,
  `birthdate` date NOT NULL,
  `religion` varchar(22) DEFAULT NULL,
  `sex` varchar(50) DEFAULT '',
  `height` int(50) DEFAULT NULL,
  `weight` int(50) DEFAULT NULL,
  `school` text DEFAULT NULL,
  `company` text DEFAULT NULL,
  `fatherinfo` text DEFAULT NULL,
  `motherinfo` text DEFAULT NULL,
  `guardianinfo` text DEFAULT NULL,
  `emergencyinfo` text DEFAULT NULL,
  `healthproblems` text DEFAULT NULL,
  `previoustrainings` text DEFAULT NULL,
  `archived` int(5) NOT NULL DEFAULT 0,
  `status` int(5) DEFAULT 0,
  `photo` blob DEFAULT NULL,
  `registration_date` datetime DEFAULT current_timestamp(),
  PRIMARY KEY (`student_id`)
) ENGINE=InnoDB AUTO_INCREMENT=3 DEFAULT CHARSET=latin1;

/*Data for the table `tbl_students` */

insert  into `tbl_students`(`student_id`,`reference_id`,`lastname`,`firstname`,`middlename`,`extname`,`nickname`,`address`,`mobileno`,`telephoneno`,`emailadd`,`birthdate`,`religion`,`sex`,`height`,`weight`,`school`,`company`,`fatherinfo`,`motherinfo`,`guardianinfo`,`emergencyinfo`,`healthproblems`,`previoustrainings`,`archived`,`status`,`photo`,`registration_date`) values (1,'2020F-0001','Ducim','Offic','A sol','Fugit','Eius ','Rerum','Dolor','Aut e','tamuqehup@mailinator.net','1978-09-05','Et su','F',73,72,'Venia/Reici/Qui e','Inven/Autem','Natus/Dolor/Dicta/Eius ','Liber/Odit /Quide/Conse','Tempo/Exerc/Ut la/Et it','Quibu/Commo/Itaqu/Hic s','Error',NULL,0,0,'PNG\r\n\Z\n\0\0\0\rIHDR\0\0\0\0\0\0\0\0\0\\rf\0\0\0	pHYs\0\0\0\0\0\0\0BAiTXtXML:com.adobe.xmp\0\0\0\0\0<?xpacket begin=\"﻿\" id=\"W5M0MpCehiHzreSzNTczkc9d\"?>\n<x:xmpmeta xmlns:x=\"adobe:ns:meta/\" x:xmptk=\"Adobe XMP Core 5.6-c014 79.156797, 2014/08/20-09:53:02        \">\n   <rdf:RDF xmlns:rdf=\"http://www.w3.org/1999/02/22-rdf-syntax-ns#\">\n      <rdf:Description rdf:about=\"\"\n            xmlns:xmp=\"http://ns.adobe.com/xap/1.0/\"\n            xmlns:dc=\"http://purl.org/dc/elements/1.1/\"\n            xmlns:xmpMM=\"http://ns.adobe.com/xap/1.0/mm/\"\n            xmlns:stEvt=\"http://ns.adobe.com/xap/1.0/sType/ResourceEvent#\"\n            xmlns:stRef=\"http://ns.adobe.com/xap/1.0/sType/ResourceRef#\"\n            xmlns:photoshop=\"http://ns.adobe.com/photoshop/1.0/\"\n            xmlns:tiff=\"http://ns.adobe.com/tiff/1.0/\"\n            xmlns:exif=\"http://ns.adobe.com/exif/1.0/\">\n         <xmp:CreateDate>2015-11-21T15:29:29Z</xmp:CreateDate>\n         <xmp:ModifyDate>2015-11-22T10:43:22+05:30</xmp:ModifyDate>\n         <xmp:MetadataDate>2015-11-22T10:43:22+05:30</xmp:MetadataDate>\n         <xmp:CreatorTool>Adobe Photoshop CC 2014 (Macintosh)</xmp:CreatorTool>\n         <dc:format>image/png</dc:format>\n         <xmpMM:History>\n            <rdf:Seq>\n               <rdf:li rdf:parseType=\"Resource\">\n                  <stEvt:action>converted</stEvt:action>\n                  <stEvt:parameters>from image/png to application/vnd.adobe.photoshop</stEvt:parameters>\n               </rdf:li>\n               <rdf:li rdf:parseType=\"Resource\">\n                  <stEvt:action>saved</stEvt:action>\n                  <stEvt:instanceID>xmp.iid:F7CB253335206811822ADC756174D7A6</stEvt:instanceID>\n                  <stEvt:when>2015-11-22T09:43:45+05:30</stEvt:when>\n                  <stEvt:changed>/</stEvt:changed>\n               </rdf:li>\n               <rdf:li rdf:parseType=\"Resource\">\n                  <stEvt:action>converted</stEvt:action>\n                  <stEvt:parameters>from image/png to application/vnd.adobe.photoshop</stEvt:parameters>\n               </rdf:li>\n               <rdf:li rdf:parseType=\"Resource\">\n                  <stEvt:action>saved</stEvt:action>\n                  <stEvt:instanceID>xmp.iid:F8CB253335206811822ADC756174D7A6</stEvt:instanceID>\n                  <stEvt:when>2015-11-22T09:43:45+05:30</stEvt:when>\n                  <stEvt:changed>/</stEvt:changed>\n               </rdf:li>\n               <rdf:li rdf:parseType=\"Resource\">\n                  <stEvt:action>saved</stEvt:action>\n                  <stEvt:instanceID>xmp.iid:104e20c0-2a12-4783-a116-c8971616b968</stEvt:instanceID>\n                  <stEvt:when>2015-11-22T10:43:22+05:30</stEvt:when>\n                  <stEvt:softwareAgent>Adobe Photoshop CC 2014 (Macintosh)</stEvt:softwareAgent>\n                  <stEvt:changed>/</stEvt:changed>\n               </rdf:li>\n               <rdf:li rdf:parseType=\"Resource\">\n                  <stEvt:action>converted</stEvt:action>\n                  <stEvt:parameters>from application/vnd.adobe.photoshop to image/png</stEvt:parameters>\n               </rdf:li>\n               <rdf:li rdf:parseType=\"Resource\">\n                  <stEvt:action>derived</stEvt:action>\n                  <stEvt:parameters>converted from application/vnd.adobe.photoshop to image/png</stEvt:parameters>\n               </rdf:li>\n               <rdf:li rdf:parseType=\"Resource\">\n                  <stEvt:action>saved</stEvt:action>\n                  <stEvt:instanceID>xmp.iid:77f59421-1c46-48f3-a0c3-60ceea3fc518</stEvt:instanceID>\n                  <stEvt:when>2015-11-22T10:43:22+05:30</stEvt:when>\n                  <stEvt:softwareAgent>Adobe Photoshop CC 2014 (Macintosh)</stEvt:softwareAgent>\n                  <stEvt:changed>/</stEvt:changed>\n               </rdf:li>\n            </rdf:Seq>\n         </xmpMM:History>\n         <xmpMM:DerivedFrom rdf:parseType=\"Resource\">\n            <stRef:instanceID>xmp.iid:104e20c0-2a12-4783-a116-c8971616b968</stRef:instanceID>\n            <stRef:documentID>xmp.did:F7CB253335206811822ADC756174D7A6</stRef:documentID>\n            <stRef:originalDocumentID>xmp.did:F7CB253335206811822ADC756174D7A6</stRef:originalDocumentID>\n         </xmpMM:DerivedFrom>\n         <xmpMM:DocumentID>adobe:docid:photoshop:e71daec9-d108-1178-9554-c050520b6f31</xmpMM:DocumentID>\n         <xmpMM:InstanceID>xmp.iid:77f59421-1c46-48f3-a0c3-60ceea3fc518</xmpMM:InstanceID>\n         <xmpMM:OriginalDocumentID>xmp.did:F7CB253335206811822ADC756174D7A6</xmpMM:OriginalDocumentID>\n         <photoshop:ColorMode>3</photoshop:ColorMode>\n         <tiff:Orientation>1</tiff:Orientation>\n         <tiff:XResolution>720000/10000</tiff:XResolution>\n         <tiff:YResolution>720000/10000</tiff:YResolution>\n         <tiff:ResolutionUnit>2</tiff:ResolutionUnit>\n         <exif:ColorSpace>65535</exif:ColorSpace>\n         <exif:PixelXDimension>256</exif:PixelXDimension>\n         <exif:PixelYDimension>256</exif:PixelYDimension>\n      </rdf:Description>\n   </rdf:RDF>\n</x:xmpmeta>\n                                                                                                    \n                                                                                                    \n                                                                                                    \n                                                                                                    \n                                                                                                    \n                                                                                                    \n                                                                                                    \n                                                                                                    \n                                                                                                    \n                                                                                                    \n                                                                                                    \n                                                                                                    \n                                                                                                    \n                                                                                                    \n                                                                                                    \n                                                                                                    \n                                                                                                    \n                                                                                                    \n                                                                                                    \n                                                                                                    \n                                                                                                    \n                                                                                                    \n                                                                                                    \n                                                                                                    \n                                                                                                    \n                                                                                                    \n                                                                                                    \n                                                                                                    \n                                                                                                    \n                                                                                                    \n                                                                                                    \n                                                                                                    \n                                                                                                    \n                                                                                                    \n                                                                                                    \n                                                                                                    \n                                                                                                    \n                                                                                                    \n                                                                                                    \n                                                                                                    \n                                                                                                    \n                                                                                                    \n                                                                                                    \n                                                                                                    \n                                                                                                    \n                                                                                                    \n                                                                                                    \n                                                                                                    \n                                                                                                    \n                                                                                                    \n                                                                                                    \n                                                                                                    \n                                                                                                    \n                                                                                                    \n                                                                                                    \n                                                                                                    \n                                                                                                    \n                                                                                                    \n                                                                                                    \n                                                                                                    \n                                                                                                    \n                                                                                                    \n                                                                                                    \n                                                                                                    \n                                                                                                    \n                                                                                                    \n                                                                                                    \n                                                                                                    \n                                                                                                    \n                                                                                                    \n                                                                                                    \n                                                                                                    \n                                                                                                    \n                                                                                                    \n                                                                                                    \n                                                                                                    \n                                                                                                    \n                                                                                                    \n                                                                                                    \n                                                                                                    \n                                                                                                    \n                                                                                                    \n                                                                                                    \n                                                                                                    \n                                                                                                    \n                                                                                                    \n                                                                                                    \n                                                                                                    \n                                                                                                    \n                                                                                                    \n                                                                                                    \n                                                                                                    \n                                                                                                    \n                                                                                                    \n                                                                                                    \n                                                                                                    \n                                                                                                    \n                                                                                                    \n                                                                                                    \n                                                                                                    \n                                                                                                    \n                                                                                                    \n                                                                                                    \n                                                                                                    \n                                                                                                    \n                                                                                                    \n                                                                                                    \n                                                                                                    \n                                                                                                    \n                                                                                                    \n                                                                                                    \n                                                                                                    \n                                                                                                    \n                                                                                                    \n                                                                                                    \n                                                                                                    \n                                                                                                    \n                                                                                                    \n                                                                                                    \n                            \n<?xpacket end=\"w\"?>JM\0\0\0 cHRM\0\0z%\0\0\0\0\0\0\0\0u0\0\0`\0\0:\0\0o_F\0\0\'IDATxwU幷3&}\0vXќcډX$cœj\Z;\n\"0c-`ٳgs_׺hYk>r*BZӯ! `~\rqŀE}~\\_\0^sBb	҂|`\n0W5,8l\n&j\Z`~mME\"8f\0s>0.K`=Xإ\0\0NׯiR.f2w>`~}w\'Pd \0E5-\n	8$D\02u ~5$b\0e)\"D\n|<I\0R\nr\'>f)~$b\0)ެ^$	ŭ\n׻1`	f(wTēk/\0L	/x2)$>TJ*VL6et>2\"\0$)B6e\'F-Uſ	IҎjve)F W\0ۀ6X,e+1/6<e\"R/kA\0	5Cxf(Ib\0KiF&=\0.\"9R=v1d6Ж>2KcQȓ\02p+\0ЙB?lc\"|CDЛ<=V@K&o_K\\r<Z!@WˑBl/z,MH-7!iZ1ԥm_BzShk!\\T1zLYǞAg/%x=)c\rx\"ܢb@r\r|,RzLH,\'!vTc\'$6H\nh!U1rYq2\':EUb\0Gߐ%B`cb\0q02/\n;=\0nt&8U\rTwNA%{@x\nGA$~Ƕ@wHz+mfKWB6;Rdz*yhdO=/v8x9C>rж0mdĂ-qmP\n$,Rb\0&Ȗ^A8	,d	\\$e.p!H>qG{qZO~|VVTv䳊ي)\0sN2,eX\n+Ub-Z<kP@Čކq#/q4nd)>]\nQ+2\0&T龘k|\0-ű3C;QްΦ~?-X*Ub-ҮJE1a+[ɒb~\r~|N|6]q7nًm@:r2;\0x٨L\rtx[\Z*|x:0x`]sXr5JSG|xmʹoZIǶ᳷eܸZ?tQfuL0k{\"uh-랡k易2\0r6Qwik\04y۾Y{R\n{wX6%gx:hot|P껇;uh>M7-e8P{hY,-_<d͓@z]3`p]h\rizwx:\ZZs4V`%ځ)o\09H\Z>7?muPP.A1p=3pk+{ο_ܭ}6,_Z8HDihU\0*cۛ<cmu\"bS6R[zx6FMM+D^WMF1Ko1ƒ^NW1-󤌎ۤCɤ\"BdZJuʐS|೵Pҍ7P4FfnΥ,Gl\"yg[kEԯXAJ; 0-pձ}HCDȸA{oc+7saة_q͟?LU{\ZyR\Z^[3u\"?*T<I݊<v#<e\0&A)\r}/݄\"bĀv\r5/Yn2\0@|h.t1эj湟j+btbȷX<y`G|V8K\0\rݡ}J:%B$[Q-b`u2)`AjMն:|@^+ްQͭD?\ZJ7@{$m>7+h\"bn\\hPEkhE\\ͻE$^wk??\'s7\"5slWgoySn6Woh&>E!kk~ŝ>e\0]]OG#[ސ03Wnz]Lϟ@\rD&WxokG^)04p-+B.\Zz0N+ڑ|q1\0.U>ڷJ1\"D_#)p`0!մfk-}@wEK󉈐]?&Bod\0˲^F5s	s绸r^6ٮc|	6iϟ%WQDC/>]?Sģ21hg=Ehо5X ĚPwejupQб-^ql_|Mw{x6<NYA7?	\"!q,`\"±tp45<7ݰ-B[/\0tTi\Za^,\0r*\"c++X!Ț`0(t@qaᩣ0)J\r@H\0VG;D^Yoo<?޶,,78@_\0N=b[K&aRN5gk1SǕ\'2Ӈs2!(+\",yDUOw./8.vJz\nm\0gF\r@k.Jqa1k5sϏNMՔ{{:\Z\0rF(8CEUE߾hJ˯2dPABqf(8M/=՝0i0/f	s2@Y32F\\[~6\\<xJL4O80>Bpǿ͎\n7^=~~\Zy<\n.50;mXQ\'\\?why<ƍ(YTpkBL`N?qxL?㸑%<b:*,Ef3Tox:?r&&SJpf6|`\"DPYw\'GEyI?&uLA\0(2Gn?\\KB~3܃1} ;>:\0Es1qJrza݋Xh]|\0qES3Q0iCxγ)Mp?Lĝߟïr`0^/?8%Tҳ8|,bxe_i\02\0#3>+fsSg\n{<	(-8sxꤩUF)⯿ZȕONIVrLo%G|6~zLrs2zYCK5R\n93(,h\"L\n_Z͹sGqtcS~Ë=al1b]~oh7[δy+]R5Oj1Iaf&,88P\ZƼKyku=M ·LK6\'P1duFs|\0Xh$HU|c-@EiX@<?P>aŇ0ĔN1ϢeTZ\05쭛uVsݥXۚ	gIU=g$O}!sLt0Kj\Zݭlֽmm񠝀\ZywaDUSƕ3m|\'L\ZɃ3jzRr1$?iC=hLCvrtkYoX,&Jr\\BW-Yb!ɵ7$.AȄl( diB3Åc̙\\qÊ(/2Fw8ڝmf?Mm.&<,\r<~|$U{Ӂ\\32nh!&&NHV>?BMOL&OΙWq6\"P~`QFRӐ|DV|%bjYT5CdP?/sŪY&<qL9r;\0/>a>yG1|}DCdRv軴z=N:rzB/*6w\n?k9&)O	9gRUcm~?\\MHIr~R/.8ʟ<\0?\07`Voypq[`vs$b7^(-akwXivof랁;jymwnN[%gܢC@)݁Y1ͺڄ|6Q6!7f%`(. =^Xgmj+䳙X)tG>3虋t*$icԃ\"OWg\'.3\\Hw¨RCMAl&Ct8}>6Ϟ6pΏy#:\0z3vn}ٹ?qL5DeNdҘ[\"F	Y])H	h6\\Gn?!*1e<rC;Lm{Ykt٦ )K:	8[(ژQh0o.=8eeb6\\<~p\n%)OEI.v/]6VǕs%,ޜ:׿>GY\\zhQiwBx+Xp(dwhJ\\o=DVwN!2՝	郧\nXEEԋ[̣!$xl\"Z:u&Y\r8\',@ERoWx>,b}\0^ѣ/⡺q$gP݅:K\0=Exn}5vN@\ZP>M\"H삣)a)O<۩.gdn+rʞU\Z܃jI0a\0V#<#xe6>wUM1+DD=\0b\0]li\0ہh\"sp B\rL=\r\0`9.`1hoz\Zz%r>Y#`\\;Jf\0kDFaQ?6,3}zz\Z@Ko\Z36[ڡr>YO\0zTFGz:SrQh1|P(L<TN<V7\0>}\"V^yf%(9(\nJn0ϴ*쳉j\0\'M)<.lO+0Q\rR2)CZ\0\0oNJDH2[;>] Z%:EWE<X|DȂQ&oa\"Dd2\0;W6);_GȻz\0|x8!I|,ZG?x\r$+v$k͛ǇϾ6/Ƴ\roCǗv75-%\",6Nm\0\r栈H6_\r՝J}ZlPQ~mCZZ b>t\07Nů\Z9׬UCTg_UxqZ<?2-B>k{J]zuǷTZ\Z=0%wgc9 iGe\0[m	Im򭘊IpzOK ;E=%o$ޯ*<W;S,^\0<#E~G)LA(>&߉SMVI4M!Fs!_ a[4tUuH1JOwԅ֧{mJKU1<$|	X\0ZDh¾$لuX) ͍oSN\'*?@ԅX)Ad0~edjf~U\r&&mv]ov]siB}<bWK@Eǟ0~{n229k̃\n+Eɉ=ec:T+ǯ$\"gߘ\r@\rIxrI[ɳ`QeHqng2R<c>UH E1n ;0\"ƩL-;ȩ SA?jpP=~PiBŤلcƔkA)A1]2$çYe\0g+Eyd<t5H1PJHt?l/ТYVt/ZHG.ol+\n\0/FG{7-oMrxEx=5݃@>j!@$\0ѳZ$m{j!;%jl%d>\Z\ZIBΎ*rn:<ܵ<uJ8D\Z\0߁\Z:6*eY}E/F?Ec\0>^;vZ\\ܱa)7ɺﾺy,_JH!>D[f[`Ưjgcjy\0)Ǐ7\ZpQj/.`Txsg4?aV8bVT.3v#9\Zp-\\w<M=g3pZꯤ\Z\0(08}\Z4*q<$Z\\Ra	O\0J9$х\\:v+j@MQ<fp&X	\\G{D1(&\0G7]X|\rs`M݇VLJ`p͚ptkE;^XH<֤n\0T$&\nػe$P,\\9@-PݝQs1ULT>Œ䙟|G.yPXڟ^b+8t\0ʀ@K东`{7ޖ*w;@nX\'CtA\no>\nd!d4Th?#R6a`v=7<6@jEZP0_>T^T6a\ZG\\a\'AwvYsJ4cxTx\Z\0c<)CasϏ<<cLlֲM)&-oOWѳ\Zhv\05gWk\0tb=v:ZL̲Qr >\Zf\0{z$uXЊ٪z]c zװE7cktAQ)#30ڌиW{1iCvt#BiԸB26&u%FkܫF\ZH8>BW{e[k0+qau0T\ZTO1@4\rjfsRSt0\05daZP<I{f\nzo>iK6ܫ)\0\0fK	ٻ`k\\+D1~}S9\\	иVH\"NOxѦ3C~픈AlBˑ[hg .O\rZ:.Frt\'(J08_f`*9qvtkڻm\07F\Z\0hG=i%\'\re\0,G\Z|dH=}Zteda\0p=\ZoQNHj28ZdЮw҈Kr\0i=|:m^X+<jJnk*E&\nkv&y6l|1S+L2\0]FZ.p\0{߶nVXIsd߷	hnܮ^Gv%ރ\Z	HN{rjT1\'`\rS,Ïq4]8k\0rR\"ֿT\r_\\PM[E!gH K9KC\0t{54ID1h\0~J⼩!ػopO^PNδ<d&w(e!?j\rmKZx/J+px&\n?\'g!Gc}í=kҔ-fB\Z 72KSn)ӖZG_s	Z\\gbrO\\y?3N9pMp9)5>loPF;*,ç%P,g;JL%CxMU2M)K2Zhg]ƞzcBPaT`b`<syPỚɌj29KFz~{hO7-Z+(1=ȟk~xe?6r.9xcFS	h\'`kFuvAŒ_S(LǡDp@ \0|)цOT5\0/;^v:x{?Jʸ-whJHMۛf[력Nf\\b@\0y^8yP~)Mj\09mvd[=jL \'ɻnRLUN&H\0zhEߧ%Hg\n@xbg#\\ 1k=1rb0%=;Q7h7iO^]\rnpX4#\';uSUJz;~?b\0GmZL!=PG5NFMh|^ܼ3\\)KIF~3.+ғaʨ\nUUһjXcM0|\\\\O#O.\0xykscrz͠b8yAP^Tí-il̌f~A4.o\0{\08N6/\ZAi37n2N!ڭĪv JGB0p(Xdm}gSU7p⊰<[U#!F1x$?o\rv=WN$|alhyo&g9}\\`{W]g2̶KB\0aO鱶%)͆l;\"n[W0XڼbSɴi~mD\ZBtM|hu#$~;mp\"+~?o~L6\0]՛o.ka\0\\ɪ\ZGWfٌ6\0ѥ^^`&ĸ1r᷾[ -OA\0Z$=&1r33\0BlUGCd/=&1FKb\0JGAu\07M7.do\01\0R	U\rm$\"ܣ<*Nv+t_o譁RO2zٞi/bJ MpEp\0x\\vfe9E/@cJ -S}{ђNF[UQڱU/IzYƴGZ\0i^Ӂ^<oe5]/LeYa\0~=ΨJ`d4ī,VKv Zl8I8Kh`H3=-zY\\M:ǖ@̯|p3[dqZ/Ե_/Laɴ/K~\\ѯAhy.̲X\r<W,-14+V5X\\P J9<)r[ \rHZ!FmI^bK \"s~gV/fy_ޓRߥh<T/zd||_I\0\0\0h3Vӭ7D\0|\\ә\0>/zTZu 8a$6Ԣ߆w[:WlAZ\0c\n7=a(Tdk+(E[QҫE\Zx7ڬFϫY@\n5<c\0W#2f2\0\0\0\0IENDB`','2020-03-02 01:06:39'),(2,'2020F-0002','Amet','Totam','Aliqu','Omnis','Incid','Aut c','Iste ','Tempo','jyfefy@mailinator.net','2020-01-13','Quis ','F',76,95,'Dolor/Eius /Autem','Molli/Alias','Ipsa/Et co/Iusto/Nihil','Repud/Quia /Non i/Neces','Autem/Sit a/Quo i/Ab ul','Ullam/Dolor/Nihil/Conse','Quia ',NULL,0,0,NULL,'2020-03-02 01:07:45');

/*Table structure for table `tbl_userlogs` */

DROP TABLE IF EXISTS `tbl_userlogs`;

CREATE TABLE `tbl_userlogs` (
  `userlog_id` int(11) NOT NULL AUTO_INCREMENT,
  `ulog_title` varchar(255) DEFAULT '',
  `user_id` int(11) DEFAULT 0,
  `date_added` datetime DEFAULT current_timestamp(),
  PRIMARY KEY (`userlog_id`)
) ENGINE=InnoDB DEFAULT CHARSET=latin1;

/*Data for the table `tbl_userlogs` */

/*Table structure for table `tbl_users` */

DROP TABLE IF EXISTS `tbl_users`;

CREATE TABLE `tbl_users` (
  `user_id` int(11) NOT NULL AUTO_INCREMENT,
  `username` varchar(255) NOT NULL DEFAULT '',
  `lastname` varchar(255) DEFAULT '',
  `firstname` varchar(255) DEFAULT '',
  `middlename` varchar(255) DEFAULT '',
  `contactno` varchar(255) DEFAULT '',
  `emailadd` varchar(255) DEFAULT '',
  `password` text DEFAULT NULL,
  `role` int(11) DEFAULT 0 COMMENT '1=admin, 2=cashier',
  `branch_id` int(11) DEFAULT NULL,
  `photo` blob DEFAULT NULL,
  `status` int(11) DEFAULT 0,
  `date_added` datetime DEFAULT current_timestamp(),
  PRIMARY KEY (`user_id`)
) ENGINE=InnoDB AUTO_INCREMENT=3 DEFAULT CHARSET=latin1;

/*Data for the table `tbl_users` */

insert  into `tbl_users`(`user_id`,`username`,`lastname`,`firstname`,`middlename`,`contactno`,`emailadd`,`password`,`role`,`branch_id`,`photo`,`status`,`date_added`) values (1,'bevs','De Vera','Beverly','Austria','123','bevs@email.com','$2a$08$dxoxFbqDahQG0uOBiYpK7.nNwYQ2C9jD2zlDMN4EOHPCVDE8Fp8Ii',1,0,'PNG\r\n\Z\n\0\0\0\rIHDR\0\0\0\0\0\0\0\0\0x\0\0\0gAMA\0\0a\0\0\0 cHRM\0\0z&\0\0\0\0\0\0\0\0\0u0\0\0`\0\0:\0\0pQ<\0\0\0bKGD\0\0\0\0\0\0C\0\0\0tIME	)ɔ5\0\0\0IDATxwxTe?s	$^+\nA}nuoۻw/@$\"齗LzO&Ls$srKLΐ̹S!amZIb@,\n UK@*/@ǝkx\Z\0vq2\0\0f쟙@h\ZM)\0ĲE+S3\"\0\0r\r $:k\0\0\04\Z@=j)}`HoKC@y+$gT\0#\080t߭2+\0N?;>W1HhE\0!A0a1$e\0c0t/\0\08Āò;Խ@\0Q@HJʫ|<ȁ\0L0t\0v J5*:!\n\0B|x]̒5\0f^\':-;\0;fԅ@T\0rWV\')Õ\0f@\\_B&.I[):!\n\0Jʪqk}׊ET!8\0`#M\\b*:!P@b*\Zw}6Ŏ`/wA	T\09J+gK%;-\0\0XSZ\\xXt BD\0:wJ疴\0Eg\"\Zj\0\0JG8E\"$\0 Qa{U\\R\0SDg\"Q\nS\0Ke+lD+΋AE_?#7\r\0Vp.Z:oH@\0$,(J,\0Pyl{Xtna@\n\0L\nGpLaK!:!P@.ݭ\0((:!xod1w	;T\0r\0{[\\B\"]#P\\Z\\tDtBΡwʊDxݫ%F\0^eL)]2wm^DZ\"2x<!z$tr`1yܢÐD\0	W\r+7\0 :!a`3_d\"&D\0	m\0-:!a	KyCkD!я\n\0i\0>D!$\0\0]ÐE\0	˪%^.w@6\0O\ZSxaHt͢3zE\0ƋCH9ɀ\'%Y{iS\"T\0+)7%\0~`<Dz0<q\"0$Q@m{)\0RE!$xkIVaHdl{)\\?@<İ\01 mAYe,:!<+9CE!\n\0ҧ|OC`?K7*\0W%e`o㗠{$G³ꂤWT\0nP(:!j+sI[KQ@.RRf\0&B	gK/:	T\0\0@IyDpW\0BQ\'ْ\0q*8o|\rFtBd\0o)rܡ\rq\0QWsI\0hJ!u穷\01haY)z~XZ<t $\0!%e\0p,såΈBB\n0YV\0D!-?.n(G@+)7\0&B97m\n(U\"c\0$y!xsgK\rk\0Q4\Z\0DiХ ,,b4ȏ|eۥ֋BDIi!OQG1?TAp.:	jp%ً\03VoΥրHF@+)3Y!1\r,[\\t?T\0D),W0|kB $0T\0DEٜ\r\0CDg!im;иuYqYuvABr;!).0$!.\ZK\Zphhu!!1$\n1nc\nd}跀\ZҹBG@XT~FϹ\0~w[[`l	:-۠qۅSF8LȂ+!8<أ\0x\ZLE!.aHBwKR\0Bԣ#\\jęQ\rCW[҆V[Z!Tѱvߨ\0s%e< Qt<F|{%ZO!Gbk4teDWtf#9Ot$N|gIqۢ\0S%UIʿ<(:8ķW  4K8w\\\Z,љ3qDG\"S:Kt\0adi,/:?ˊHۋиl#7&+}8,&#o\nɃD\'\"q`=,:\0at? vRk T߇G`\\p&fCƀoR@x L2\0\0,$0Z5;^\rm@ˤ-Cf}i8L{t^CtB@XXXVQFG$7@fF$7Skt0kљ=Vt?{-$Q ²|),YHt2*6\"zm4gR.߀WAŉC.@QR^\0nBZÊCKѵhq\\-FqIܡKp\0*:sC֩OtTt\Z.i^p\ZF $o|N!1*\0BlQ)e\0fBHݍ#Q#:	c0saO,:\r[R\\X\':H, JLS\06	K5/Zq@1	3P7FjÜ%s+\02\0@K|p*DG!A%\rZApSD!uҹDT\0@I	tӈB.flKR_t2Y1wy-P$\Zw\0(-. ю\n\0=B`\0\\Lq pN}i,q&f\"tN쒿|p4C%T\0dѪR\0wB.V/ǴASQ=~:>䊲p=h3!PE+MY~a`m=o\"$!Ai.z{ܢ&A\rYIi88>0RtrG\r|p4njLzfG\':\nmK$PDW3М0bבtDtF	i͠R3;Kw-<H1\n@,[j:4.($tfA&:\n`sK~.:H4 JVR\0#Id-AfQH	(O`%KEtT\0PI!\0ЉB\0cW#m}F(JyM\0\r7\0_+-.|KtHF\0~\0)Rb@㶋B-gf~ŅϊO%ex\n8G{CsqHPq7љ=VtK*:D$W?~	Os@(D9.iP;i!F$:\nK/:D @%e\09_o7BbHk50D[{_NI\0()_B\0#7=-K33YG_JzTRf#_A3)hi~?Ȟ2\\񙢣CD*\0PRf߈A#YH(A>@@JL\0si~E_\0$|x8}aM/\\J(:D82O=ՏZE_\0SdQA\Zq3k(b4E*\0()3}D @jnm.$)\Z}w=Nt%XP\0EIA\0oDgu)1lst\'Aqf`/:\nǣhKQp2\0+\0߂%ĈM$DG!o\\~\0Ņeý@Iyl\0KAUid7m}-\'DG!_(-)3$PpVIrp^(:K3X[0b?iS$÷<xs(K\0*.$\\P\0*F\0I:ۆ[aѸ)\ZEG!_Jb`b\0()V$@,)<zQ	\nӂ!:\nR65VV\"ZL\0VU&\0l5\0@\"	÷<CWID-\0+YusdVlUķPe0EG!_si٣++bvwl\0Cv^\0p({_wD DU)u{1r1p0dPR^\0AH7-CbB5Ȩ\":7JL?B+\0JLw\0(\n\r\"1eȞV!:J*j1U\04MFt[âcRLvuvB$l²ʩEǆ<0(:[N *1BokCv\ZfxyIy AB%&\nW1@,x(\nQ&0r\\\0+F9h_V1.*$5\\lFCB\0%\0xTt-n/2L4\n\0\0WPh]VI-)3}_tEuPRV1`tӸm(C[rr!Cv.:%eDPS\0*\nF[4叐^Aib:\0KKVUD-QY\0_}m6R?!>_MtrL(l+j!*\0yt9H7x0d[\0h!hvpt<%:\Z\0()x\07D _91N\Z#ӴItӷJLlQU\0WKs/m=DA紈Azz4^t`*	\0;>@\"1HO	\0߿\"jV\0\\yh1ȗZO!fDH}2XE(\0JLxHtrKA}^s\"^\0%++F,ZDBi1XdTtһWb\"\0XT~FH|qyWAH;\n:\rCITE.\0829ҫ :!Or;wLtһ\Z7@IF\0OA.GVAHȨ^tһ-E,\02x#RGʭ0XE $j0`cIxdeE \n/:@p\\q9?R	mgD %:DD\\PRf~9HO5h_BT2{#*)3-\"PU\0WwtOj ĻDD\0 CtSRęD $]-:./GgS\0,,|\0ݢsт%/h0vwIyetQGD\"OAzgjDJ~1	Giw0٢C#\"\n\0s\02E :EH$Ki8\0c\'2\r¾\08;^9H$ٍʭc;8GE WRfOtup4\0ϊAK*:!1%jN1o:h]\n1\0rD eY/:!1GȬ(:-+mPRncs/!dY1o2,\0ӁpGeQV}$(xq: C\\v9wsUmYAtҷ\\qHtބ]T7sAoop:Yt,ZY1DtK] \':-f<dTn-3!.V@IYM\0A|c\\Ajn1!\0ҩ\0nBaS\0<)iHj:Bs		ķD y&M?\00Ftҷ=#B.^]tq\\vOts¢\0(Yi?spzDHIڏ#2,Xe\n¢\0\0\0$A^	]tBtvӢ\\\"ER{!0(\0&?uDG \"\"J+u#\0\04s$7ҋ:*\0\"?):t[D	?ZF]M0v֋Aw[IIOX\'5\0.œ$5hBVJH`>Ypa=`%5Cr\0fFo{HɅ\08coEh?IEG r18@HP ܤt:D [NA3ԣ|CĉC^\0W%K/x0$VRuE\Zܔ+?IEFHa-x_G]5,$5.O!-\0J+3\08/\0DD4\0Ez/x=BqJ\Z~2-\'m\0?-q$Ńxs$Mr:4fL1`՟~&>b0E:\"S\n<a\n+M\0GQ\rxD 1L`i>߇(րh `UP,d\0cxt5vx$$%	ʏQE\n^!: d\0!)\0k|?T/W|\0D*ݏ&vg\ně+EG EUD!\r? %\"GDѓ\"=+3pWbѷFRJl6:꭭кD %PH`᪪$Dԉ@bc3o_;01%g_YIT/\0|@! c5|Hde10c_JYjEG 0\'Q\0\0n@	>^ìq$	y#(V+eZ\"\\aҫyU\0\"?` 2z8x//B\\L {$<	T+\0BOOgj Fkn>-6Qft5!Vݍx?{\nծӪV$4fH|4.Y kP藩*|cfT<6	\0$FB߿/	I(-J7\np<*\0[5Utcf0x\0Edmm#vaiӓ*\0BշmqAbHZV:.vfg0\Zpc J٩\0l`ʊA\0fHah5?P\0={l*.:	Vr}Р\0oPu\"	\r\0$FNac9Vü,1z{$8v\Z5\0[BTuu@bV칷\n͠7qK)\Z\r=qvq	j k<$hT\0Иu5HI_X\\B<?v?Sc!(dKrO0.o *:Ã/\'?_}IJM1\nV\0X44/h6H4\ZܾnHRHv&[zv\ZMh$:זW[	yK*$Ct宸aVخW0|(nw\";u8Z+@P\nI7BC\0efç3b3D7\r\0D(NƁR\00@t!I2}xuh4\Zܱhn97pT$R<Np\08* `2}xu\\}uuMT$;Ĕ$Q9S cWq\0%+FRBOCq&+ˢzQ=࿨D͇$،qFܹh.\\}cZ\0\\ztP0YC	BHd;\\q,;Btp)Y~y5T\0h[.u:H:k:L\':0w!>A튃 m7\0ɠhFw$Hr0{-cEBR\"nv1Aь\Z`jS\"ED=\\C:31\"bʟFO\ZqS\'\'EQDG ꚳ~	(HxRFHcEs.~`ېSE8Q,Iʜ~@\0ʉ>7C!bͼj7Jag\rݭ(2qAkq\ng\0$UuDH1~:1T5zذ 0Z8Z^EF_\0l\0WM%ٖFfn8?`7ͻ\r:}x~ʲ  `AY7YOC<HqbciJz*f|e7\0_9\0jd\ZH$i$yfRӯt1zx[ʔ7\\\0H<+Lt˽w`9o 4\Z\rF1zp{\\4\\Aqԟ.{ER\ZFuߕ7]3!	1dDq\0m+	*\0W^$ᡅOoj\0#nXPnJ\r*\04\\\Z3ܺY3dD!n]pa!gp.L/:yn\0b^⁭`\0C$8)gp.ιk!I7q]PqBBgn Ov\"FkM͇wYa0\ZDG	+iY?}ppSCn.)62U{=\0Z\Z.h\rM\\\"1%	\0Mԛ+oFxi\0s\0ߋRNuWFBk\rpÃ\\,.!\0iR7)$g\0j9~_+\08\0\Zk\\g}ݏLQތ:#q\0\">\0()\0 Vu\Z=N$L\"牎Ҳ1r!\\\n3deXo_	=5ᲉAޠ=_+AސD+fr^\nrF]\0y@xozMԡCQ$t:Յ/*%`А/nI}\08cpWCD`Fk\"IoޯEiW]sZ_\nXt+jghU\0D\Z\"F{EtF!959,L\0cRw\0gO&HL0RHWNNd/&q?g\0\0LDx|!\r$:JԘtԐ-dv\\jU+\0H0E i\08lvˀE_RJ}!d%\'&`Q!9W|H\0c욾C\0tuE\'!*Ko?,Q\'~E{jQ$v\'$J-\0:/ %gp.}dFCbJ貚?rޱ:_U\0\\4AF!#\nQ@IOWwζ_tmy\0eu?-\0\0`l!37zrVcN}__D\0:^c+\\齥m?=XYu_\\q؅9YCB;oĐCqxAlYVKW0>aM0XNn]<2\0@tZ\rz$фPldf92CQpmSOɌ]	`moE\'\'q.nV	]$19Z1Sw?GE5K$86L	ڜ0մյmhl@S-.tvᑕ>GFj\"2AKG^v*rSo]ةA?nGQT\0ĪkxS0 ]<w !ˁS8#<t/6gǶ6~w\"ޠ]q#EG񪶱WȉZ?]ePcoCM}[$!7;sґt@A^:t3%Gvw+]^˪%@$]tjlCn\ZMhz$IB|b;o\"cDA#9-|u!EGGVph56<Ϡ%kNtti\r}]087\rEY(,İ5,)	>WjF\Z\\K\"Q\01k>cd^?5:ytI0\n͍Ͷ	I	`^Fغ8w)\r.GW0qqX\rm>M;Ojs+YVPUۊVlS1v 1G磨 +#&jnX4 c\0oT//\rHcJNK܁ƚ~Fq&wB?G,:N7Qdƺ-ݟIq4\0SŌEs;rhl[)(Y8O]\01]\0+@\0rxhhFz&u[ؼ$q`\"{0{Ik_):\nj;p0X:ؼ6<\0(*¬FFbО].9sN;|X7~-iIҮZ,[RR/ctSfxYቴa9qq{0tTuxkVly;ͨn[1dPf_57_=Y_ua⫡\n8]@Q\\tu}\0\'\0ĸ^=\nW1*8iI\0p{\\hmW},@rF*\Z;m)|nz]i (#A;o`ޣ$Z:滛#PE?(\nܬdg&#5)F$a4?s\rӃ..wՂ6Tյ\rvKo.߄WlFfz2qd\0괸júi2l:p?k 损ڰ(\0M\0$VԔ,h̡vāBc\ZZLIs}D;un\'tz1.+>܅U_Ejr<&1?z0\n3?18qF=RQ0(sQUӊpd4SFQ8Z,x滛1I]lwT8\"T\0:#/,\0NJ@Qd7P08ۜz8K*JsfH^+[b6fy/ҍhlĕF`3<`CaA&\n2qkWֶ`\nlqO׫vA/02Ƀ8\"rz9xHw[^\'0LE_\0\0*\0|wvي䤌)Eܿ3]ZLV\0pЬ\Z2\rŷNGJRcSxlNv̞57^5Ç_`L\rXn:ur)-j\ZOq#NӳJ7q֭Ysy&=T\0>}!o@1:s\\w5n*Wc;8թEu`:%tycd,@Sg[6\')ۆĵW\'aA_m=>ۏ~L;rog6LTnV\nJ\\9W:| o;ʸ=&{{Ik@J-Z-n,{{8 ǵ>nи\0Z4\0\0˾>qO?|mf^W\\3΍y]0e\'ce#0mb!&GB|;+*\nǙf=lgpDMF_6Λ#~fw͇z^Tթ;DhaۿzZ\r͎~\'p|)îk+b<\"Z11Z\0\\vg?v{\Z஫Ycl֚^*\0uh\0\Z\ZLe\n`%lע߿MsA\'{ Ir0lH!+3)IqH3@(pydtvޅ&3j[qi@G_1#D}ǜbXv>Qs.%ztO0u\"9I-\03\n9K\0q~ai)=acGp¢\r\0ӓ5$ՕT6q\\quXnO`(\nGM}j}ڗ\ZYGxT0sp̜6;K7LUV<ӥAV?)>\0 8x+\0ci`r\0pg#+;Ǯa\ZN:sQW@Ə&li49_Z-Ȍq;0jX\0_;o_9-:^^<{halb[n1,:\\ߖ,Ǝ\ZH\0a\0N\0Kp0~g01exl[*ڠ՛yư!#\rARJ2:;B\\܍ċ>87\r=uCU:}ҁ9u8MɌ$aޭ1c02[|L1fre!#+ͽ,\0rri+\0b\\1cAኩ:O\r:7ߊV&?=Jvrb~S\rM3}&\r6y}pؚKzu5\'WH\0ƈNGL\0c\0r|\\oa\0\0᯾|~D1=W#6&r<1>V3{y~!&(f\Z+\n+F=8&jj>~V\0xu@.@f´AZiW9ٷ:|Bh\"YoBɷFFv+\rO*Yob2~(ak܍}\Zto @BC~pH\n 1@V^r3e@h4~a{͏igExǏfh8:P>r$ڋD<v:)\"$&\'|\0`o\Z=_\00m/%ang-jG%qQX\rx3FnwJ02|HwBrz_>y^r]ަtìqo*ߥ\r\Z,cϏߚ\0`8a)\0(y51{TNt7xMX=h	~S,$\'a÷!oQD$f>*IF#\'#!sEbȟCg_$\0\0{KLAzV*\0 Et\Z$`dQ_-%gRQ}(~t>R~@/5\ZR#r087MdƔa=?U;XAHk/r^\0c\0.@Ѩ5\0ZiinjӟƗ@֑ONMޠ\r\\C$LfZ)M~ng\ZD*IqLM@pH\0\09\0 \0pi@\Z큕$60n܂a7\'h9&ڵ.\'+9HTmGx_o\n@ViP%\Za\0SМ\"aw|Q\0vq\0w6\0s1E/]0%8?))5w?B}JgXf0=+\na8;=oD\\|`E?*\0HVҀ\0SP :	Sfn3\\NSΞցKN(괘yϾqLGNԨr30B\rWÝ]qٙvS\09Gf\08W\0@NC5{\\6b0|ߣ˝.O@IH\n516_ٷpmCׅp<`Rn}G_6YmN%oBjƗ*ӳҀ\0whk]\0P\0/\0\r\n\0;}Mmqs$I(QqF,`NW\0>aCq흳b#\'kܪԯ_̩4{/\nzYHL0+:HEQxUKSi\Z iT\0^\0Z\0j:vn~ESr`3\09I|+\\gg`W\0m=: h	̽y\Z\0I⓺bg6ŒsO\0Z\0\0 Z\0\Zf`/\'̘}RJt5[øi@xdWo;;o,5_1G˅悽,щY6t| \0Iq@b޽p/\0\nGyO3@y6lv\'~EC%`\rWaɐ4}g`Zf}*\0PUklDZ%$!-	z\0Θ~=G#fL\n	+]\0-FbFΜYg4~2.9pLC>Gj}IIO-ށoc\0l<h:Vt;~c)IwO\'& 37+?\0T<ݯ瑨|@\0)>~\ZfLgQ{\\LǍuu2^en{7\\q&E+v;&L\Z7	f-?\\͢_v:|c.n7!3\08}ڵ(HX.\0]Yu\0\'遹ϱGz~FxOxPش\r\Z˯GU/n>J	̙nen9J7Yz__t⌡Y04XU&r׌F$%beQYaɶ꒨1YFkxY?c#QxP[UK)-CbrŰ!jvw[F$8]{E&؛79߾oDHډ1y~t9^p.|=IK;{>xciiRǏG\0F]\0\0hDw(\088/gIWLB\\Bϩz\r$~tqy\0I)Iu5Ư9#\'jQ].k&௿X1a祉~OKK;yo>tz2Q@b#1oUEb\ns;}v\rSfLN!+woaWg$#Ə܇:$=>c\'Ǐ~Գ:}qF`f,x=\\{NJN֏Vs8ؿ{g@`YRE!a-\0\0pQ8iw޼_2_\Zc\nqSo~y_YQ@\"\'tcc^9m[qRIF߂HυsKF;\0>~\nWY\0@\0\0raN[qרjlާXiVCaV|}S׮H^/8.L\ZS[h|ܬd2͕޿[w|\Z@T\0_3훿\\Wz?iL^u}v7?=v?]}yD7RM]O/}w\\1݉O76˃Oz}u%7=vmX0 _[:?l{}-v^4%53\rZV\'WT}3[vCg`H#W\r[<*\ZmugUEν½ٿk?]R\09iT\0+].(\n6~uHuXl;V⒜|t6|EUǻ>C{n\nxZv}|Z\0h\0-(\0&-fV\rlA9zh;fO^WEjWnut=rSz:\'7Bf&Q+UId@\0н9M\\z?R%=\no1F7M	t:\riOV4`{NIۮg9`k0+\0@ zAbl\0O*\0fߛ7\r\n{UbAoj_XB-E\0+y;kfBJR\\/pa.dn7cȬ^U$\0q>Nl\0޾ۯ*>\n8mg.?s8$a+T9wJrצl\00մlGp滛$/1.\'?kW֖/&@B\0\0^\nZ}MwtWI{td?->\0N\Z>>{X?o9V7IFG}v}\\3c6ltrVqo	\'qT\0sAw+~~ЌDќjF\ZZ\"]G/qNJi)(m殘x<ZKdL+knzw5~m\r\0-\0w\0\0P{r\0y|=Vw!ڽsX^s4dpYxHI~}8~\Z#݊vzݒ+r*|O!*\0H7*\0wj\0s>x>(\02}u.<Ƨ{ؾh\0	<8oE?^Ś\"YM};qVG}@xeo-+/\n\0l@t/F;O?Z*zw]TW>ێ\"\ZYxO|>k%\"v獓1|]+k[\neC8]ͻmϝ)\06ۄN<P\09K+ISX\0\0@[e@L7g__мQ!ϗנGǘyA[_\ZIz$;`\'\\GOy}<;3h!\0ڎZfI\0	\0@C\0UU(_Vǩ+p1>]6\'j.f>ލm{Ny}\\s^sZ9h̒peI,[{7<|1+\\s1o:.ƁD*\0H}OV7;\"_FǏ?^^vx\r^Y{oDa~G/y٩^oZS5OV4o/~sӆ<N_?}cׅ氄\"aKKc\0H5sʳ\09Y)x]ū|T}xS=,Vg\r:|v:^Lh΁oǯ|驉#7y,ރXju^j 0Y[;yVgO53|txzpgy|?]h$q1qL]>Gt~kfU2%}N$%1+^\0\'({C\0g\0BzU?E]MtW< nC~^,^//^Q{ջ2z+{>a3\r	\0s\rvmoĿLP/E\0\0	@N%BP\0\0@ũ\n<h	w?SV|~}S*ÞC>w׍S0ʱ^D#IwBZJ(\n__ b-N}tN]4Jxz^kk?fug0\0fB TlTu͌{`HJr:$H\Z_HNØy1>vi:~hHӎ_]8ZyF߹Q}3`AlrαeI$1fD^g\rYQ[\0G\ro~P֟U}ϡˢJ<U?	kn̈́\'~@?C\"\0:twuvM_ 1)CtOe\n4!YشϦ6k7BzjlD8ij/վjge$/?x\n$3/x s`ׁ\n4vb°pNmC;~2|ǢRÇf?_8nMp\\([Zח\Z:~K̄<М+fB@~!4G@?<80R.Q(KLlu\n\"푱m)=Y#=`Ke;>@G>܅9xd:^y+eIL5i}jpe,`hc19Ԣ$tXϿCEꌐ$YI\r@ \"aA )%=0嶀wӳJdL$8~Ͼ\'+5\Zts]8x?k/r\Z{nn:XcM~]f^$q{:\06$IpxspѦPď-I/AhӉzxgMy6a(9w(GOa{iu ?/=2մ7?K9\'bճcij&:Y\ZEYj՝r{ue|͌\\ߵK!{ _֩Pwo((ڭ:-\\~HN	G43=	\'jzdGO֡=8q!/;ZM.@`xocx\r!6GN|Ӎ*iu \'3A9Yш?^ӿiwWm?,^Z\Z)?w\'dAia%ec\0FP$pǺsJan,YUkѠqC0}R!Ə!YH}-68Z]*m)/4g8rR9R#r0kHL?#|tqD\r}nPzj\"~1>].|ఫ7,\rfĲ̴TIHq;`4)__~-y\0vmס`P:sӐ$k(Kmf+\ZQQ݂Ɩ̞5O|VD\'jVBӠ yJAJr<\rj$\nBgf+ͨmCCy@1\Z\Z\'k<?}!_vDZ\0Dfm\"M\r\r8y(F7\\6kxMXv/~lJtq|`ķ7]=^2~`GܛG~[Ɖ3\r8qFq*9)C1kkǦͪAH$ko\"aY-\r\0\08|uTxv;#]1Y\\I/\Z$&o߉g__&HI7`3pAZiv\rwqEԋ@ĲQ\0!Z\0\0`xǡgr~^\Z{qt=~o+vOqCk0n 9BmB/a`Ĝ[iAxsf`LZ\0;I\"Kgd6k؎W_?^4l.zV?$1\\1u8rL9sMՠ}dt?؁B6$Ϟ[ʘ͟~\Zz!K,:	/Su\08\'?7\r}f<~ll}w}!_Cgcp˵4F	^n;o+v!|lvuA9uH0kB7Ѿ){;ܐ(:	\n\0\07lFrjj뵸ʱʱp<8tT\ZlwA1#a>Ck_c6&햱HāUn	x\n9YI=,`ʸ284[}&7\n<wckHD2k`K\"R\0Ȳ->ZLXg|+\nGMChh@{;NN7\0VBBIqLOB^v*@vf/bt\Z\\>O.нu\roꀹ\nKnVAR㑑P0(!9uDb\0\0ʬUᷝ(\'\nǸm=ݻ$1Aw\Z,Qrd~67@*`4 %F]\0,XWA6*vS-_X{Dv	@$8;f	`oaƮ[E V1³m!z@,fi\'Vg&I06jUY\n_r9=l\nfUB\0+\n֯Y#:OM\"FI(-\0_DY|*BٿkZw<\r\0sV$d!UZ`@J5#w}~am#ky\\܆\r@E@9kW@H\Zph^1Z\0AM\0 ]B\"iRtBzX<2zVYkxIB\0}!	xP+\0	3?XtI4 _\049,\":F@_Ύ\ZG/>6kxq!f\"M5p\0`1򋨊E^s0	,cUcm$h.,\0@A;z;vmٌp$V\0.\0;ņ\rc5+W/$~Asj \0\0x\\~L\"α`:uJt~aS_\0\0tEĊ&7]!\"\0&*\0bHgiq8н:MiR˗<0t):F6 D q޾Hbl\\61$rZZ\nDrȐ#?IaQ#Sum.:ƀ## :\0_|Q;x@tCV.)%*\0b EK\0\0/)ĈjS|A!5g=[\0XM<#AbҨ\0tPd1X/c\0J5F+`-\0o@\\uEEtM=u; ΀ѮKvYϯ|\0xcvt$\ZpE3Ǐco\"ݷތsX!._0tɃ4\n$ES\';,ā]D:vD]]/-\0NGBG?{Ʉ7A7^AR\0Qg@-\01Hj\0\0yLHںgNDǴKS`.D=\0\01H\0\0h5kD QBex+*2f_aQХ՝@_a]tU6+X۸4@aL\':QG1mrQA\n\0ZF-D9V.D8Պ:jD;OI{E$cGc]$,fj\0Gt|=\0D$#H^D*|cFD}~`$DR]iN$p_z9fHѷAc~\0xpJ\'5\\sCdvm݂#RRHp\0Gsox@LcoOuE>}$B].,}U1BN	.1H);?T\0*6{{V.^V1HXUZ&1BmTMHx+\0ckTn;/$:	sզ\n|=1ќ\":	536jQ\0kںw)EQƳBt8\nhx\0-\0q(ѡz$x_|.St>]:jk8fi٬w^Q=奥c0Ԅ+:FN蒯oD5+Cؾ#{E@뇽E&jN1\"xgvشv-H=pc{$m#`TUtR[Yw[sCye1tZ\"^?\0Km$a{ccAE+O{!HtW	G7NO P>.Z,}r<BFsz3\":韍\0AtbZƊ)ZDt%![+:>@f\0\nHTtIy9c;<1?4V@\'K\n\0X>gX;zCD&dU}vQH,~eԈ`cYrO\Z\0\0~$8Si/?X::?Ω+}~=6~C?vEP}Q\00j3ԏ#\Zjj濟#H<tvx5D2@.+47NQ8}FÁg fkctieK{\04n,xɿBSkzcD$N#!Blｅ}3\0q\0Osh	/I(\nkVĎMt?_$jI~[\0H:h8w/كo.:Fn}Et|_@iqa\0gD(?}+\0\Z> ,_iHP[W(2TSKD[\0\0FD\"EE<s<*OOYiW`~4\0.:>pP>,\rcDӉgGjM nh%Hu9JCQ j\0Ƥ\0hA}t\"N>,:FT~$!:EqGi]\0₟#Ix\ZA):F-Zpp.1먃fˢc}\"{\rd\0\04^!j)dgċs:[Dǈzmkk	Xy \0P[\0\\5cD5m\\Ҏ\Zտd$pI2h^@C|.Ui(QOvYJف&\ZJRQ?-:>]rs h\0\0*o\npt,:F̳vu4@34߀t31bC^\0hx9\0c\r1#ΨCks-Vj	Ձ\ZpN!8~Zi8A<\\\\\0](lI kH$1\rz47TFE@?L8,/,:I,ڰt^Q^\0\0EZg0zpP\rk.K;]knjm*\0Ѱ0ٿR1bѠF9Gsc\r!anEsS-]ÌT~#:F,qؼ~\0+l-\nV\ru#\0|KUtڈz1enEBdCa.\0pŢ_5v\0N\'RB}zۚEǊ*ZX;A:MB`IQo(|@W`]P\n4A˵\Z񸐙=Xt(2\Z;kEg)!:(ѪI+~#\0H;@H(9a\\n[{OHBVN$ߍn1rw`FtB;ŅiWOH8z6٬9\rw0ج՜OHc[\03\0BIRb\\_w9\rڀ*(\":!t P|AV DAk+\0\0ȲZmMc5F}mGwoۀ;$9co&\"ZiokBC]%dL5UDG!$\\q1Ѓ\0X:w	\0[E_\0m:\0@e47V\Z\ndI/J\ZA5$5o!a\'9)Ȳ\ru&6t?˂	8HP\n\0Ɣ\07:zkhCmux<n4WC+RTP\n%sYH_ALSmx.4ԙPCۚPSy6k*`L$HZ턐{\Z^	/!1`RVYFu\r5k\0w?V#!1ވNY:`u\"%-)~ӌFx<\'?R{ʂU]p+4^D:RЎX%e\0	A\nZ	$aI1|Vv^䜣xVCjz6R/]hokT\\l4`_6rv9cڊNtbwhJ\0tP@\"ZFK\rC뽗LJVcHMN@k{M-MhoFjz6RIlsXho9C֨[/@^1{D\n>ć;buv&Gj\0!}K	Q9<o=6xj>mfݯVCJj&z_A\rKdOh/#n@R>Q8i-0	{MF3dAkBDIw\0~ҷ~JWmÒ1,տ:ß9t}O79NtZ̰:yF#k-U\';pM	BŅ\0X)K00]!$PIz	7&$5:ܶr!pNGbR*7vUEQujf.>\'-\0}3fVz/xxaiqQ}P3B)zZ0OgP~=ӆ.:Z0%hLFa>\\Qp`[t؄_J0h|3r\':\n YZ\\hN4\rUKcԜ8:,TCp|{z.@K.}ZzCt:Z=Z-$E!+2dnn.vvAds2Fftbv7 bpKqUNLShF$aMwǀ]4v@xwù\\<.riC@jUa(}\nHH/-.ƁT|\nT\0⵸(	}LSӧB=M.Y\0|=KԂU?OVɸcxڰdj:]Ȉ\0\0SjZC.Oq9\ZiMSP\0Mdm|ѠCJR<::i0$lpmAO?e	9@sDvZWupUsW|qF;tOKÒPԏi|jw@X )țt4xQp͉U\':v#H{Mjsj0gd2n*LB\0Ӱ֯gu&ehtFM4Q.Rmqc)Z!2pղX~gjTAd0y\nc^As51˯gg%BSb4:䌽;.\0P÷e!@\0\0$_ЮyHlJk:{.o6!2$ZЈ$\r	CR(>eiT^Q$\0+/CbC\\=7.324h]!$ty7S~*cLO=vĥҧ3Nl	v$v=S:K퓄fg\00\\$*e%5ĈLHuy$꺇t8uڼt}>U2%\"I\ZuӋDGbw(HC/\nS	ŉB66	\"b\0%k13[aI?L(Ȋ>Wwg>(N\\]-cFߪ*jhV6ԻPoHw8Q\n+Ϥ1&U\0-4LLcFYF\Zd%!1쀻3pϧrfA>Lt<2N[zm`}0o\"u0.t2\0:$#I0=S2uj0</L@pׯwT%	`9c@\\PQVԉ.bM6767`vQ!@z-}	et\0wg(9q\Z\\Ä44JCVJ\rOF(vv:`銍-j%9c19OtYl.Դ7fÁ-.lipꉁP/3PdN9T\'RIY\0>/	/-ң0)8c6tWi\nү;nut	@HmZC\"rͅ.禎B:w;o*-.P0䟔\\ l`G6[cpX\\.@wyC{Mb9WAv)s }|&Ώ?\04_a&WO=Bo	?\r\\QB>]>T/}5	7B}n\"]kбn):+ ?\'(050\"e\n?L^v$8Cki?\Z]tpɨoXѩ%i19C4eS b鼢͡>!SWW4|@!kuFXhttjZ\ZN:y)\"bDM:]n;lȑ=,ydd^yA.ZlnlhphB@l0id|ۤ#K\'\\\'*\nPuyZ8{8z92W0cL\0%BJ,\07rߟZ	p\0nO0I᳑yD^ۺ0w3{Ǧ\rGb =ސ<!EXO֜cxn`$F@bRRг00<7\n⁧#a֐1Ð#:Jxd;~kX:JHLĨ+{ԕhT_6	8oҌ\'xs||$8}s8+;m~}	ԀN\'pL8[hH\ri5p{䰞):yB*:Jշ[aw3{ӆ\rطg].4TDǡȖ̃Cҋ~$x~SN.mh@`Da;	Γyj4\Z7Av:wHLlq+3ڜt١(cR\\~:ܨl\nn}hN	C;:#l;E>:\0)\\uе]VROstt1Tjszd\0>f\0`xh6>G\"1\0FYV?΁.Uݼa^pEQPC[!I΀OE ZtCO7M(y\"tY\\Ɔ\Z3Q8a/4\ntI]ܿg:-P*1{,r\r1/T-;:민ӿAsx\Z8rs\r4hSE=/+|CtXQDa%K@Krql;l@jW<ｇot 5AkNJ*Ov(ڀhhAXNNՋ>#n@|Zw-x\\-*޺iϦ8G-D%\"}Vt Z\0\0p]gEtMY`),Uyܥ9vdb閑/% %؛n\r8ACbF\ZԽ}\n$CػOMm.OzeL!M͎QK։I\0\0\\k\0Ɗ<-u\0Jhg.+ä)STYDJ$\n腔4A[@1z-z- \n.7\\.\\.w\0]\\*2φ1%_[TN/<u}LO\rz8qNX%e7|Us>	容sqrl{@V?\0wYvLEp{<xdx<\n<YQ\nؕIZOG`QvQSoӉKIɈx\r_	8XZ\\w@\0\0PRfZ>9b\"qj6Z\':\r\0`0{$\'3$=Ɉܴx/3ÀK	tgW,!tU4֩N~V\n됌	0N\nqgA2&KXp\nR}|v0D]nw<=sK=8y*w=HCYA2fA2pWʧc]mx0M䮵K06ՅxB3;\rǑv+i9`zZ]0D+s-}F~p3J$:KQaݵ/;{O\ZLFrr*weEÀ0-\0%Bu9iNnfK|jN8p7Uqd+N3ِQ*^~U:h\n.\0\0x\ZK0QthiƳge8_FPzBt\nwAn;0m<4i!%G~tU[\rm-k67Ga&\"~lh3ՙKZv;w\r\r:xJӕa3h~pUfjO/}۪uh$	#E߀@o0k\0&@6RpƯZ}V/}(O	\"QYCқ+)3\0sD.<iog@sr\Z:=UiGw|{>pfThAJ,DT]mK:ll_ڧRBO1D~Gtof0K@,NqX8쇷B8~kjlĆup7r.\'R\rӇAP1}*ٳ\'Cb9\r._8A)e4<q:ܪ]`uYyX_`BǇB)a1%fZJt_¾/)3`Jh&8?+ԌqqI*MkQ+PsJW%<3!%%N%UV\0ә3&eL)78j:y--.|Ot_¾\0\022\0E\'jЀvW̚~X\'D\0?յZ\Z}#aGs]?䓨8}Z7ZToJї(8l\0ѳxW$:Mض\rW_{-r&\rxfnYؽWs\0ؽsgD_=B?mgp&^C\nᏰ[7KN(y=n8e;}]fёB3\nLM8d#)>:-+nۣ@#1\" ^î^BH+8ڴ\\ZTK_+-.!:?\"ꖧT`8ǑmP]࣏b̙0\'1vlMn$0,/zmDMͅ~BL0r*\'_MZ8\"c[j\0Ihmz8OnaV\\IShTN݊ܔȪq\0QjEQNTvu\0KG>c/SU\\8{byQQ#?TtׄXXm,kK<5Q?/PNsΎC#hpyd4[{#+`,6\0h4{Be0~!!7qx\Z+!%$Ck_bxxiqN1JLoxPt\ng~p܍Uӄ=V_7V0\"/%GÛ\Z-9.1P.pyP`Qm*M]i7C?t\"㏷J\"P)]\0}n6m铰|.~x<XtjWFzykB_l]`c\0jty\r	=زY0CGD>P~\0!JJfmg{CبFn:+92\r:Yp˨mo{[}J0Fm툹o|Z/3l(.8+yr/y`RD^.zY\0YZ\\t\\twPӦ	%O$%:?Xw|\r?1UTફFN?AZ*:s\0;=H4ꠋb#+nQr矇á޺;pUB RWdx?cW\0\00uw?Wt;Ax;eb5<-%n@YvX/mszhPe\rQڬpԙ\0Z#~a]pמVp{-Z]p\'cCJQIe]RV1`ϼ%EAUh4\Z9%1Rv&KxӓM2pS764#<j`3񓯃&:N_,Kd \"\0\0>6**6X>{;!\Z1+9>#|@sT5u\rho{˃x6j{ї7475~GQi^\nmjDѩj鼢CTd6uK``\rL]*A`uqeGts9\nhُn޹:؏lRmV>$cX>^Z\\G!!6pLĹk/+TlnpV]yoܲWS˭f?Ne+hNatm\r%h5@. ;O%{0ժjM\\d):awvs?z}t͢_fqU\":}moqqAp\0\0J㏇cEQ]bJ-ܞȚn;)o_# RtX].[_W\r։~щsoxU\0\0-ZP`QˎysV8G}5w]PiYQP97Aj9ŋ!;,9wh_Z\\DlQW\0\0F@H6eQ]U]Xݥ\0`\n-V:.UWF=ŏy9}Zˌj㸰}vvI?!*;\0T]8Or>\\\ZmmA~`nWB.`<0idoX]V.e-0\ZsQY\0\0X\0@?ɽXN˖R(hVq$@ΐR(*2z7Yd	 \ZC:\rŅբ_Z\0\0Ņ\0XSx:| ޭ[-<4xF[gxDm8\\ٳkP=Q:p׬.\0\0Y\0\ZZ7l6u.sժ\nw4aWydMݙ۬VXLˌ9ꓡ\ZtziqE^E}\0\0Fޮ?utt`UYjǷ:a5ӡ47_QbU=P\r6(*C+W@gEˌACO	B#k%BL\0\0җ=.8OHnڄӧNvv0th2퇶<hQ;jgǏ[E̘8ܩZ8g1eb\0\0E\r\0C~Z7pαvsg얕յZâiUbCӉ.\Zc`?CCw2.7^k)\0\0tސ`>G?R456U%-bî@@pԶv	7ŢxUｇ֖X69oxP\0{`ɼ153\n\0\0([>+E}uVte4wWK-Cf?\'lT;4	!RZ<T)`\0\0IDAT\rET\0\0PZ\\Os`\ZyE;o\rG;eÍm\nEZ-؜oPsݎow\nJzD\0\0l=\0U|{DG\'P_U1QQj	zK]kWH%tX΂X|+LN:ղK\"J\0掑e0=y\0g&Yv-*Q{lNZx5B\0pyB(Qf?Qaj\0_0\r/Y`xx f\0\0X^<&	?Wi)	EQ[oCrsԵvzNt_@~V+J__=PZ$㘳\0\0Jip7}Jh^d$tjkGrl΁ml	\rx.Tצv*nw`Ђ?˞jb߶d^a|\0\0Ņ9p\'oq.b\'*k֠JcۜYCF{m6k[[7mBԁnYACzEsލ=*)A~x][K\0&:@8YTns|x	}k0WuA?V#ax^\n4R~dt}GКZ[rrؿ?;\'ދ	&-~f\"A;нqJ?	VkxvH%\0ç4;8n/B#:@89Tt儒\0p.xo8St<D֮.80!V8p$Wj\rڂ?&?XV>rԨp#5\0)HEGVPݢ΢C\\xU(N\n?5P%.\0ohiz;zTcw9,\n:@w Ps~&a`V/\nVZ\\s\n^.}\09):Ql*5瑕眏?~?AK1]*nSYQ_cu{%·DGT\0xQZ\\<8$۱TcwP/eY큵fu8v$xK6mp`\r*\rs:xW!yzo~VZ\\l\n\0J9D]w<lMf[/G\0-LE2(\nG\01h8Tg%h~\"=p/s3*\0\'D]˗,lqeEQ}q]U[q`	?#e\0O;*\0.\r9zl6*oSAn		ĤĠ\'M2Pk֖fպHh)N8lwiqDgT\0ik\ncuf	2_#\"!1#sV\n=48ui/.#RP/ư\'ʧ(U0	\"am}7_;2UF$̜5+ѣUpyb*nS4T96	-]V`\0o=5mnsuȲ7_}_{\Zժ67z3z.c,\\\0VZTgظ~j65o=V~0ڻJYHv47cA=.G^m鰫6^Qc>c7>AZ;7uijlj;Ce<[\n~:w\'[tu\\}FIC}=1dР閑`Au<_pfxk_Ŵ.IYH/CusWn73hok#*aڜHtHE%tW~#OS?؍DN4xpPki0,//GnӧahD~AC\0$#ewCk*lo-[~ \"$AU>z%Q\0޷uۨYU+p\n((\nN<+f͂F_Y0&\rA\\\'Z(2y!!St\n\njTgmh5-	4Zؚן\n 8ߵmAi`eBł\'v	8ܲ*}ܑHQ8<gwQkm3sk_~#e]f5u,р\n 9{17޻;M05sTmWHpɐu]ngF\"%~qmV]k^+$t\ZD놌%\ZEg!wPWWcv\'Z^B 8x$~b&]^ѵk^ZY	\0A3oaĤY1,$x\\.^{e8EOԳGK<ayٕ;uva[?n+ֶk^ :	Պ@Գwn\\\\tORRq_[\':K4@%\'6rLzWo6Df#:	zF\r&:\nCmM\r^~ȴODҦ6w?|GhZWwg\r$I·}Cu]Ymx֖QH6k3\'DGvntUwTrn&88z]vD!PDG!b:*x7gYb\0!rj}owbCvU#¹\\.9u\n3	I_pR{ص}$@̘`޶?++NZ_9oPo.G<d`:::֎ISBbVZRt ).q>|{Dg%T\0؉MM,2YwLmM\r%<qoJ͍HxӦf~0fͫB#C\nt#?Pdw`$.Ǝ\':JjjlSVZV9R0I5YO~,Z\0:ۺޱ.\\.{h90yT$$&sV+{)fQ$C]]FD#[Vͼ\\JH#n7lo_K=Khe~#tJ?5LtXG-\0aĦ~wy:[(6#G(ՊJS.1Du(./\':6-{uny?sW\\wqQq*,z!1Re2X:`4\Z18\0cǏ^Ok׬21 k3d}Zt%*\0НLW]rgIH{/nf1»K㮹squ׉ݻC##Ty߇6Y.3yl5cCޠApy]&vCtt`¤Ip	PYtMZqcf~pBt\0a+X2z-!y<G#-=]tZ[[Ot*$$$bhQ.W8Lg2~\rE%}꟟{Ltqx(:y^\r_\r!:6\0\r/<,\'\'\'22s͛OCt\0g\'y\ruoFGkW^|9tZ,vc޽}jCDGf>mV+n?~[t7D}\';WKl/>\ZRwsxϣ^h3w㷞zp&A@߮XmZ\ZY/Bxep8,ɝs^{\rgN*4Yk[!:	\0_in\r3ƇG-c76u-9)ߗ,$/\0,_ N]o~߷㷨y&Qּ_5AAt;wbҥBΝԀoh13Q//I\Z7	k^Ki|csq#3*M&(QG1.<yy`,k[)>X*$}czK=gNl~\"E8*\0ĩ=wwswڇC|;}$yšs5\Z\r}1ddf4M޲e!=\'65{a~?\0Qͧzk̍q#Av1`ȐS`ĉ8~(|:>(Od׎X۴o	]ܢyO~<$x\0Bvo;\'a0\r[Bff&nۇ8̘9FƆz\\i4\ZL<_y1qkAQx4ecD!(]{%f*:$Ix_˦܊F\r\Z8q8^z9wQTwwfnK``@ !Ab12\"H<jjT+Ӣ\ZIHRA(4<yg	&f}T@w|gΝqF`N)ڻcu,\0OZ\Zhnx<\'q΅A]ݥKP|>\\\ZQkdu8tܯ?.D8,\0ȄW7]:F[i#y晠ϻd\\kWf%MZ˾3\n\n,\0P$XqvgH=w.ܓ:Jbp͟).h/ܻ7eQ\\Ձڡ^i\rHxEQDu5t\rY4oNR\'?\'O΃\0D	Mr8BPӐ:Jb%:q<䝪/Vfeq;8#\0\0x0_7eP<<QP\0YCaCɪƛ?1:o.u\0˭{΂\0aȑ6u;TZf#\np\\ՁӃQ	u4\\SaTQ8/Jɓם+oA^͙^$G7\'\09|A[_R<Xy]vx:FY`8D^tƄ7ľ#X|}/,\0Џ]AȫrmqjXfǌAߝV]p֗a%*p7%h[ᢉطEPHbg쑗euuFC;d((\0ښ\Zؼa|PNo})߲΃\0&ؙ˲H\0aNa!h4yO8］	RuicQo]/\0.-M_j)V|Y0z¼\"\rQnp\no,8]W0%|Qn<(<ank\\՟<7-R8ylCk?qKN_?\'XA\r\0a8b}Ink:O0zfЧ®2T\'ݠ%;mQ\0uG?:qg_Z2&*1kﭬOCd!BR7=,?VVCa:W?௫Y(;ZPc\'Bg99hNNЖ	R>c}Ԕ}WW,_wyP\0EmǟU܎y:O$u/<,P;w$Iuf8^]#cts&]œ/΃\"\0(}Xvo<_iIeN#5͟S톷7lgϲ>F8jcu9GA\0bf²mC*T-hFBjשn%k1lqzƕ{PlayPt\017q1|ll4*~\0O#:h7Akc#_lͬ-pqIh(\ZyOH(aBJ(^ZnѣaJ~m|\"l\\\\.\'	+ -u\0f~ȷ/*5\\S<N{6JK9s djg5l}]~ևF/ip.(`BMEgȶ|iM>noQ(¬?3?*v??*ʋ#|\\{{o-?:B?RV&4{L&^L^ۉpΆq?/@e?g9dAEycj^4fm\\nȃ(lM\\YW{th}\\vهcInQP	y=ؼi|SS:f!*\rES5t3!t+\0@!oEE򱩲6N*6|g\'0\r0`\rSfPR\r\r|lgB|Rwjd	ۅ\08yQ|9I?;\n\0k	7EyssbMց+`RuM; f\rkχcQ\0@oҿ՝Kl6T֙B))d$I0it\n\'Z[6h_+ӎ΄Pg\0Eێ5G+<\02En?~Q)/(4w>MX^`u.>V3yfg{LvP	F\"\")/_E#$dx6Q1eeERt\02V3C:j?N+sz >U`\\\n,\0p@ed48!iOƧ4@biR8T?;!t8!Ny[OkgYm~Dzz\\XOAN/֨{uM\nj,\0\06%V{k@S}\nP\\]s;D1N]UGU=wVGUco}n\0utjf֘5\'v((.1Q8mLf\0rz]U\\l\\`Vw~LsڲzrtX\0 6^`ۚ(N\nr J>QU^JDuAR^>).6ZxdQ{~k@pB!!5VTHQ:U\r>h=I\0q@!ƀA5*(TT!@\0E(U\0d\0<\0@(w]\npL8^ > \0n \\\04ӀJzR{^8D;56.b!tsztt{\0\0\0.zTXtdate:create\0\0x3204552\n142216020\0\0BKa\0\0\0.zTXtdate:modify\0\0x3204552\n142216020\0\0BK\0\0\0\0IENDB`',1,'2020-02-21 17:48:42'),(2,'admin','ADMIN','SYSTEM','','1234','admin@email.com','$2a$08$WMPvXDpJCBdR1Qt.KpuIqOEJ6fYKYzQ4HnpPMdYPBc6sdf1GgqoIG',2,NULL,'PNG\r\n\Z\n\0\0\0\rIHDR\0\0\0\0\0\0\0`r\0\0\0gAMA\0\0a\0\0@\0IDATxՑ7^=3sҮVYZB$VBdq98}a|H6`c0`\r DT\rmUZilLL*L{~߫~ի\'\0#0 r|wtp\0P)spKv[Xl/L\0#G`%[|\0$.̝0\0Bk#>֭ށ;#\\@u+cF`dVΝ> _	@lI3^c|`\0\'FP.mL4顲4uw 8#0p T\Z#]sIuK)F㻏RY}׋T돥g4GnDNa5%,Y&xːh$1v\"#`,@^U Ww9p\ZŬgqv4+Μ.|?$ϵ?\0@Dac89`lzcX6sh÷P 	)2CI\"	qk5^梨׻2R݅ʿ];wZ8׏vWS2A\rplpR!vޮ\0f]ӿ~_n?#pxq۶#dFCM6hRA:-{K.qEy\'RJ\Z%.YW9#{B^>`\"pے%Mmo\nl\'\\ck\nYD=)(^sS]WޯI#49Jl}H鯛9XwvĻƿ#@pr<]/TQD*pD;TTcYڍl/\rE88[>k5A4(:r8`9:| 䕪0-`##W\0ȑ\Z.h Je8ZQd`ԩ8##vPVz)PMc+K_f|Xl{!ǅoN󪗶|oa̉%KR{;K1&ZR٨JPQ}d+Nu vwA!(9#Q_Z]sMƚpݧ/>w$I+;yh!#h!X:cРVNӨUs,(5vGK#%~jvϊgftFG:쭁\09ܓDp?\\\'%۱1uh@xG\01Kw½\")ܜl4c\ZpNR\Z\rNG3:FLFk~Y6NA&$\r,!\\[]/eɱPq~sFyC{~Xk{L\0[v7@P`Gd\\)p_t-ODllp0.&Ŷe\n8M%^\nG+fK-\n\r##`K&}Ez\"Hg5N\ng3YDe93`9͙S--_r)\nE,}ÝA\rF@6Pe(!pS~$݄qܦC\0rgN^ے^;k<$\r)xsْڲR!![CGƫH!gUU1FZ0\'2WUiLVVuN/VWWV:U<.z#\"<|[#`lJ`!@6irq*{! ]< 㦯|M6j*t~vӾ?|!\ZG@x鈿[@t`0X1wt-f_&f[\Z\\ʧ;VǾtEeY?3f)h\"G@:.U:8p}ᬌ.XXi$,5jGp9#)Z<o\\]O˚\ZVfD\rk͢2߲tZJs3D^j}NV.C\r0?	@`$hUiXK\"^ 8zy?[RAVT\Zz®]6~L\'8ꥵi\ZxܲfBQaҷן;`R8@Gfc*9sʼP9Ɣ2 |\'\\ǻj\'f\\\0n,-oLϒV38BSnxiۮ\r.(gAx\nڂjtPh|S.+gyR@wV--+h(xl갶0k,Ink~ଭ)kgJsNNުd3lMYmQ~\ZJ>|ҳvA\0ׅ8!n۶άg`;mSӦ_;|Kl4+jf:]ª>`ٍ\0L-I&\Z_>D5i+uҜ*ƅ\ned|3m8+k~$)H?lӸ̯k`D2bX@XϲX>\0_2rny|Ӧ^;k\0`1=3އ!\0X<ݴ2J\"1G\rp̫Z$ZZ6\0\0EΊKw.#l@yд3\Z+~&,\0>;S>FK*JE(\nuvZzf>V3kt~wŋ۷1 @$=+#z 		#`ǻ/~O/<ZWp]>k$I_@ڦYQc>~«2\Z@9+{/~!sۛ~ak2E򸧺:Ut|gP}VG`|i1P\0`HqA\r.FH0bIC\r>>>v͹b5_|ֶ\0#t89/m}`-E.B7!pi(>\Z_c\0nKKk[=lcfع8^	\0M-8#I}Px\rx(\";(\0ۂ&$X0Cgjl\0+\0\0\\;g<VAƂ`#@ mxpWT|C\r0?	#\"@硊>7bbNI;v#ۧX6+h|@0\0B0Te3ƽ3\np2\"#`V\ZΟZ?U2vG}q`C##ꪇ$Q@0\0!B~N*Tl(.Ȁ4HKMx:P\n||;Yft:&ٮ.3lQO1&DiN?CILjMIԔHKIOd\'CAn:.O$}%Ǉi%\r!/osc\0`CT1X6k_@ƔnT0zz]q{On#vW9 >.Ŀq@\\ {x=)1N6Ix/	*MI\Zah󶣰Z*|	uQ-3<1E5E_fOWEJ,ˀ}Ր|dEc(\Zax\"x|>Ey%b(#(wpwQĹDGkx$!0.o\Zz)\Z՝\r0 +d@o~=}\nE\ZX27N6q´FE@CsN#P6_Gr\0o0_5ny*|Vy,J/BWBNs2Y?u|\n\n)ď}i֓%]^6gr\\SWfkgM2Ғd1FZ?.20,`l0,wAD	)Ƹ=K!-9!d:i\rY\Z~PMY{	ͱ֔ϩ\Zkt/gd|p)fB \'::{hMsXc)s3{b(m0\Z+{o㈑-߻2ٙrl 峡$?SzrK_ѓ=6lWgI|i){nh+#ՠHfa0ȓ/ILđ.#$6B\r*{$U[\Z[p/LHbu?=5	Go*@g7n\\9L䗤$/˪/lT%A˨cЇ|RN5,W>n9E].	;3gl-W)b9T[\\UkV[s7sF=/4hX\0~i}].zĨRMQF1fTtbLG;b{\0Ǿb&OfX?&52wIpI1È6v9$EjM Gm(rGCQFxӓݽ)sT\r</0r\r`2?Cmh_>4tKbq6#6<Wɉ9\Z<\ZԱ/AIrXwOOw<_T#^!^߯b6Cp១ Ɣ\Z_@:Aj&mR\r!ߵ<Rme%OlӇ&K yY/_Ɯqc\Z</a/cEwͿ;hӰ|r\\Vh~s<.๾bA>bo+H7HxݽhI<FH	?_cF眂]xHb,\"X[<\rm3\rV~\n\ZO;>pReCCB(F`ߑۧ߃v!m$@(J$7\Z_93󍽨J^o\n9ocz}͗-Ch|@-\Z_P<!sel|\rQbB7V@qJ6Lm4m!j\n%Pj/qNV/\\\rExO᭏\ZB[Gtge@{g℆F\rGpw<ҘW߫{!e蔊y6X-#0^Q%%A<RB#,bexμ81PYS|j͆->^1X\'\0w/eZ_g*OzJUPNmھ̜p(2hNuE u6=|Ո,MgfEG{}ضO@\\~tK56(\0\rUʄ!׷?+u]%e㫬9>$?a/\\6Mp\Z(H<	P<1*<6jkgH>zltW[{hxbE|08-1F@<~tԊ&	!~6~8\Zr};\nFS.+|x>vQ˹ɹj}wEoƗwGMƗno? 0,=/:w:$5FZ\rGP_A}<߈S$+_KD-59bHjJ;xƉ	]GQ#z\r>\r3+`Z\\߉wV<e>^єe(fp/Zscb\0.kHaEb	SA}̙FH-XK\r$8=%o%5F^#ɖq9d&3@`ҘKQPbA}%ԧ\\bQz?B \"YDĦ#WVP5\03\'EEEmPԗPB}KTB#X1T&|Ʌ~l?JҤdՋ&Ür,h%蘵|\'vMr}1h͟\0p4\Z:\\\'~6U8Dc\\{}]3+8#`-JtGj?+~ԷPC}\r9o`;Wn]z율\"@:ں3#@g9;#E75$7tt(ckϡg=].KU)aڍ J\Z~|}_6FXOZ\nJCOwHMoܸ*MP+E&}=Q_ͲEԾ]_7Tf+jԦGq~&\\wYUiFK[:3\r=2A%yrފ3{ԢߛVTs3@=#R_D}Mw`?KX~Q^\rz/Fئ2a%pqqy\\n_9凌amIaFR.MGis\0PhtG\ZVy7D/N usHҗdPHK<RsRw<2&죨>Km~N61ScƺI>\'i:%t\Z!t #`u,}ʮV#&\ZI(+XZ]nG>5c<ȸA-\Zm;Z{L2;Fd\'6i笡>KOl3Ph(`\r\n ^[Ϊ}ԤF%NjYROf4c4Ɍ!x0oȰAh|ֈ@D1܁:n\\*_eb\0\r4LqܱU*P؇Q_F}\ZPd\0Gߠ丰phxt ?N:Tcthb0CE<\ZاQY!*3b66ݛѓ*XjF)kL\\Nf:zqXDukKNԷQG}mɒ\rվvC{>4`Nm\')eΌrKNk+#>:3\rpufC5~IxO1|\nGϛ!z079iڝD2>>kh\0GP=7܋\n/~jlUI@Lr6[0k>\ZU\0`9`kQ<\nn6_2(4#`wCL0=>r\0+JNjCCtʬ1M.B\n;dÅ3FA^C/*\\Ow<bBO4ض@H6* {P6=F>ٌTH;SA~)fݍ=KayM/XG1X1>F#c%e\ZmBߵY[H;0#\\@,!+\"\Z0\Zo>v(\r{UJuyt<X !H\ZyX&eԑbbi/y;WH+#886{%Խֵ#$5mWMs9>eh]Y8F TO5/J3ԜQ7=ٜ$Ho!FaA&F@EY&?0wR:)ҏ\0~$59ݽoヴp-Sb\n:3-	&-4,4#7t0ɔqEa#=a5bF;ԈA&6j^x_6%	TdF 0pOpհp\Zb<2p!Ë\"t217,=#02#\\h>?l`BN=ݽZi{^=OdK)0<<;0JO¼7\\-8GԷcV? }\0ÃioVY\\+Ms80L#\0\\UpgaSJ},oQ,F,hxg1M0̝&I?k\"0>ܙ\"B\ZUc`}d{ NÍO}.D[qFZ)\rW[ P_K}.A沭1aƺ@6\'5-dgHsB#P	ǃ\\67.La\"Jm+h,E#,΀}ZȄ3,qlS¬o&ƕY*gc@IzOhI,|-\r\r5<߈[f#!)1.#`\'`Dulvx͆k$~c:S5̶]5!Øf!P􀧅d\\W[jfN{8mQ\Z(9c?k\0#%a-RL}3PG\n166%cScY\nc4pTB}3W鱅4z^K&Rd-zt21::\'Cq+W}vE+~FiG]Tg]`e6A \'3E6u\Z\ng!Z\ruW\rd=2+Q@`rTv9	l_>n16\0]	?:wLYA凳+R9v`-.Ze\r\ruEAwkUW))ȄxN$Kb@^V*\'\nԗnߖ46MAzGAasvSet+jk9Ls^QzO+@zz@31@dN#zV\'\'ԧ[3Z]l*kdM jTE	ʫ,	H5UpbFd4ԷM`2+7ޏʤuخx\0l9!#G >)I*^|S3+Xux-c<\\s9.kCOUҢlg]0o f\ZڑFz0~tfo	v}(_xc<xGM<|P@vHq>zGLl7*%Az#PNPay7|P:K}>f@?qʟrfbQ3N?\"N}>J5CP{(Iw\Z\\CɥpJeE֙n膳Ђ=/C=Մ\"%ArbOfjbG\niD\'5\"E[;Z;{sCxc{t|\"Ex\'&ALK,Ę>{c3ʏA8Tw\r=%Oe;5k\'y^H\'	Sq挀Gkڠ]6W\"dè,U@l_*Y+,ΰD<:\rN98yΜm#%2EP8g\\WaJ[qSz #ݦ7@&Uڂ=IlJ|z)[L+p0CR8.όmꁽGF\ro{wjj39>;!gHI՗΄J{L!{g;u7Vk?uha)c =%(agG\nQp\nx=OMX+Wkz31΃h|\r\n׀ԞeZp:y\Z #pYW8!z++Qv9x򌬫#]5Ӌv|#ʋr䗟J!D$ON,uOH\Z	)Io43[~l$\r/l6zO4=Gࣽ3yz\Zx\r0hG1y7L]\01ņY/IgC6\"@@چןD=md{@7Q+dÑQ6<:{F+ju2d\Z}R1hXHBXRan83\'zO6Ah#?~{ViT;@|^&2n;:\'Չt4a1pɬqQEH$#a4}\rd#0ݗFJkIPw.`&HXiy\ZugMe|	㬿g6ɉ%z٢g,TgkDB*0Rrl\n%i#OW$7]Ǵycf)ۮ.4m¦Ѐ{H$כe9oi\Zz-rI%A(JЍSWp/k3imjý]A_\npSݐHG8on(᚛	{kC\0hPv3[~m¼\ZZ:}Ry]rkѢ8p_-\\ߢ݅ǌ\rg$)lF4%)%IyHK/9|TŹɑoS}M@^O5>6YeX\rߜ\"8|{ݥ69: +=e}s1XVqoqnE:Vׄۿ:\"bO/xVkU/a1T\'&0˅/		#OQLG@\0Sh;.~z\\60\Z	#ߓD.h&~byTC7z̚Pg1M/\Z͞ ^(}L\Z-Ek4[?Fm$腏Tr\\2u$f#>cgT8;83_\r4v/7Uz6K=3FvVkXM 4TɕK\'7#*%\'NcN./GWZY8}2a\nx=q@-0\rWVCD}};z3}B#A@vĹ@HD	#`[7HͩLBj.HAsTD~locZZ2oja4$&{#@/^S1}:08G{޲F/O|>\0`S|JpX{^Hl\\ qL\0PsvWJvBܯ7=<u圉0!\\ڭ+BvIdxl	xգX\0z!:\\6Sq5	\'Uኮ߅\Z͞lْ)}܈r?G~iD,#o-zǁjȣڅS[47X~gzvRJl3eEz<l0X?9zF*ȑS	\\+JOE*kXC)M[pH:nbb\"@hy޶H\"ҶktR6u|1Qaijl)pq$7^fZ\Ze0\"Bi(X@Z>Ļ{Ax#~yEpyl|B^Yg-%D*=Z̉A1ZC=-n4O,c!fNg[\r*҆Y\raDRE9#z٢gL	3KϮ4NL0%.QT& B6FT`(UQj:+/E-=nu-.p{CM|2u[-ePh6=cDҳ%\\3un-e#/-dcaGj|HXQǔ\04O\"\rЩ $ \ZwD6DҳFHW-4IoVM/Y<o\'<A\"x.F\'CHˇE/eѬJie¨|y}4ģm @\Z	ӳm*GGǋ+;~t)25(3P\0k92*w}z=W:&9<$ܐ\rnGAp	PT9x--߻bX:0t(\"يDmm!GƗ@͙VhƸNUŰLMtIbkn8_팵214J=\"ZuhU~Vf{ZrvˬO`cGUUhU0>xrꪋ!+/DڪDil;p*y+St-N#+t3xz ??%Ԥz\" pғ\rnɐ;ER?:r[~߳?\\NH17փ8&|S5<Z`\\B#8Dy\0{n9O1=:ІQ:!NB\'\ny!dϧ#|oLo/GSDmuLB3\\~DpQ7eO~x&~Vyp_ѷgj8X OA\\ܛ[j7C}{_3fL4-`mر(Z	8%fբd4.3^^nn5)/~WÇ|fJ\r赐Ɨ0rH0+F	mn`[^MSfs6HSj\0XeV#,\r%d 1AX]F\05js\rKm6q& DH;8\0?(IQ:Q9u([r>QRա{\0#jkNaRB^Hm:v-\"GbRB䔡[r?	d=ߐTj\0#=Cۚ7rRP[聈Dl٤ȸ;\'qOs\rE٢x۟OjF@G5JL#ajAl&m)umT6O2vV;߇ӭ~WF=!{䕔Km>L#@6lSq,T;D:c\n(X>>ٶwҵP|#G;BG>L @l6ܔq.>kDTW3J>l74~3/0@D44i\nB}\0L#@lT䜔s\\A\\4N\n{帱҄76F Bnc;&m EJn#sHy7JA+,J<\"U3\"`B#	xw$D}	L#@6lU䜔q+˧*\Z\nEO;RZċRF4%ց|kSB·F@XP\rdfi-4}\")Sx@>f.r2ܬ	4}yGEǲkpMnn^*QJRNOڬ\'>1B.)fKUKE+\\ ʄȃfhơ-xKwÎ5üںz\rʖ=0c\\)\\Fe.!ƨ-FJ\'POGDߝS\' OAK|F8.Q\0knO!K#fu\'߀APAR\0-jcC)P[Fo%e M9ۥox9|Ë:YyF؁ܣmcq΀@ї?/^2;\n>M]Њ\\CbD(C8%\'3T@KV j[(X[65>\Z*	S w\rӷWMUR]\r+~o*8qH*N5kƷzQ$i026}g.<O]\0hHԶQ(mkZ\rʰ=]dP륷nO򭿯ܮ|8J\\~1f||FCu$#Ly)	\'4t	ز(6,\"&c!?\\35V,Z9=+\rm×K3p/AIn*{>k\0>O!Ut1~Br)dx[]K@/9}:yf	\\C\09ٓFÊS!=%*l84HF*^>[?Ct߫R7\"d Aصkf3Ո&I#P\nM55%\n\Zހq7:w\"4Rתo0:іl4=\0מ$@ӉZP\\|ɏ@^ZKD<7:~~ę2F#/}(;r&*ق/jҪoP[ӣ-mjnqI#*KKY<mFZ\ZЋ䭗̱Kk|3{ty!\ZI}O>648[-3ߏdȶi]xp;IkA{ɴ-];nJ/ғ^2ǂ_\"O	Ǣ20o.nmQV`mQrMm\0K{D غqe=y!o,x}N7F/rC[k[ڢ\Z9a/ڍuոoI9[HH=f9pQ1DM;ab	\0X	L$OzpO\'pRKhS]Mm#NqӶ\r\0RgTt-?bK={wV\0$)k$~@$J2%b;AV6s끓 %3aJEL*/R8L%|(bֱ&؅=(J;:4/V_:S	ۨ	-FE(.Dl܍2H2lkCŷ@nFP/L#Ў/=o湫8rє\n;y|T\no&!hl&=V/oC:R;ͻbЎQPQ(f \nk1F@hSZHv.?-cHH<`?@HA:H\"LS;aAU$i	O5\'NWO[\"Nbh˗?؃GO>P-k]k[ڢ.B0\\n%BFrvM$.ܮ@#:{(yKTK|5bO43g;}\'pA\nA?Up\Z`=GfV/]\0\"ci[(X[\0u@MO_2\raQB\07k,)4Y\"竵(tF0f\Z\0\Z\02&Eı)x`,yS(G?>ɂErE@*yCɔ$w/s`dF_kUŃ&/]CBk.aS`հ׈u\nydWE1+lޫxc\rXTo((+=nj&S4/@\'S`H/?n\\:0wF2$vĒFlپW\0J=FaFLX4xb]ڔxYe\\hr9ܻr\\9ޅF]\ZH>wJ8\"2S;)X1h\nY-QK<B#0aTpe5_&m)>)\rDGj/+#\ZLtQ2(\r<<5ֳh5i޶V\ZSy*\"\',/FN뷷.VOS`δOl>_j6x\rږ`4}6\nW\r𭿯tK+1Y-s&cR	+-;[H]i%?|9d 7Þ8n7 |YtmtmTG6l2mAoPg\\xq%37ܶ]AeW=\\7\ZW~/\n*0-~~K7mݱFۖ\'\\M\'X]NaHA_r06#4,µa`NP|6	3&@@P&D&6֟IOLetIX>\"#`V&ʶQIiT`\0Z+wVQ(QjB9±\r0H\"O?Sʝ! ܶ,XU\n626ԌGB\n2#h\0)j[LEl#H5\Z2^vRiz<>΂3FD۔kE{HU_pl\rW\',6eS!*\0X7	SUIu@,=^\rgd 6Ɨ >\\\0\0@\0IDAT@6lK!*1H+BrQA-}~blc	%Dc\n#7(i<\\)\r0:\\)N~qvsB \Z#h\r@FiNEx3\rpRN?\Z}T`}eC \Zm*\Z}j.,#fVd6EG	}ֽ.hSTgJl_xY	QHyotd.VDMEoUER\0ӎ@fΪ\00ݽ\n$$\0#(n_ΕktJmX~$IQo\'\\]d+vݦOh%W*NˣlG\Z\0{Dgg]t\r\03s!wһO]i9.\Z, suѣ@\nN0JгMQ_@}Pb;C\Z{%PzbizxQݺfƌгMQ_@} I64T!\rpbf#?D)Ы(\rX._duP[6Q@}!H8gC\n2v i/h\'kS`eN]kk]xۉ顓\r f$?*ߌJfjKzѫP_dLȆd.XX,#_=M,]iiԅݘ:iU6FCq\0&\"0\r\rj>#%	4j,#B4	KӂMLxY\0г:%j`2.dCɖ0sq̼G0-vޓ\rq擜g[-TlII4seMm.E0-hPdld4A\r_x9jh\nZaI8,dJKN1F)$39Z%j́@([\Z\0$6GR9<;Gp#`Mjt@Vzȝ5dg|S[g2!li~o\"YTD`S8mbM\'zrh\\1s:5\r&$+9Ԇ-EJ݈6q&s!@lj \Z5Ok>k!@SS_5pR3-egFr3L1MS$+9Z!jԦy9s6uX[Lxꯂ̈(di6U{RBid$YA 6D!&\rS[6dbԀ8s&V%G\n*}?\\vy#ӧy|0\rCNDтs|JzBI\Z=hxOilꆡ*1c(PfMG,xK9.*$1HڦAGgF\r~5@k4#_\rBIo9QWs!P\'tjfLA/ҿa4Ԡj ҝ0T材\nuu鯐@Inta64b؞<y$Cmh$z\nZ!%G+ɶ3f=zP=\n(QکF6\npO\"n+F>3{zrL2?A.?.yX\"OpB<FJLL{3Q\r<M$Ags\'4\ZG[	i\0)	T>J|xI\'O5*JGmaeDlufAit`IPHqʶ;\0ӧ1Fm}Y8y4BcS+m\0#FH.HIMdj~~&dLHg\Z\ZZ\rGx@Wg\Z}9i	y0jteQ\rA-ſL\0VXDӍV?.EQO+JgD8)8zNl924dLf(qŐ768v51^,\Zrx]ce#f>mq57l0`WK4SA8zFkXYXhm~{O/LGgOǬ墶}rc!4yۡbL!TM\rƕJfRd}ȶr~ɵp$\nZޑ\Z:RkK܋oz>쐢4O	w.E%-d#hCksfqh}fAy]IbNcnD6K/dw~~f\"\Z_bꉺLE\ZXhjU==mM1kQo ]hG`֬J$tOBmF	Qd2/X=\Z2_ɵ~qo4B|l=g!\'FT&DZzپsnك9DR7z]ޱ,\nfΨяL!k&BmF	QddcQx^A\"/-& M)P=\'5cºfx7ൿW\nX-aLX[Դ6heP;\0}nvzU4]Y5Flm\0saMV#҉ڊR+M,P;\0Iü,3OZq;/wtñcڒzzV)ȳy8ֿBX0aOu`%6BmE)ySA<9qjcj}&RqEgɴF^lG^c)6TTV!mě\rZ\'!>`ogbOi\rXt*9,ljn7=Xp\"b\0ՅօmPQJ#)Js: 0֞7>0\"\ZJ%R?9!uv\0(1:13}X\nc6d/2T֖d;j	IfE/}%7+:1+G{P%;<\0H⁶Frj@\0S#r1#y7[c7O\'ZrV #3	!Jվ9\0l@H</	a5PZc\Zx<^e\Zy	gGR1\rgֶ`YMqhQwk2M%wXY8hk?xh9ްz\Z<YcAQݚ諯}\nwq8`Y]+	o4UP\\ey0OA!|ќ	G<tgrlz_ǃ-%VғC6}0Ա?|?*6+w9и_j⋍#ڏѡ\nzOszҒ!MMM2.OrYx\r8#{Eȏjzz2dg@JJ*@4]zۻc\ni&rȄO\n~A9.xƱ_xpumuO5Q]-7IGkZ64iGr\r@i{Lz0T|@M{r\'6hGB6v<={k:-+ͅ	J|t㹼=Yɀq눼\Z3p`\r>_j/(l4ckj6V?JΛN6c֒EUPaX0-\0hSFrϽc)?g\\GO8A-<4LFLCSha8C:3^Sz8`8Y%9{L\Zʭ^Tt8Dӑ=.S34SРdyM_V}q~P\"\"!3;#M3O~8$o9ָя@͕\rG̲)$WsƇM=>Ga ؑ9	t\"H(Һ`yi_6G4b\\d/(@t)7,^t͂}a?A\ZG@dJ$ӡf\"9\"	!Q^~\'SO:91O7x)>񠺻zi㇇O)~+q1gMq`!S<;b,ãRu\ZLą`p\0<\\m	ȓU/?%Ɨط4s4gsw oĄ	Á^يcB;C#P{{l3)i\"s6W6y11\n%G6eH*>ӂ	\'N4X#{%_[]ovv\romAYF 훟82aHX&n@/,?7g;RvbB\Zfis#`5^,Et͉ tw6^oxG\rg7lO~{oośtvppT(.\nk!e,l3LϲV\'guLg[)\\I-0<-Qݣh{Di8rѦ{Ob\0s&T^=k,*>!$k˻oA} wwt%^?ި| l!eYzv9\n&oW`&m1^ɟ\n4E%MIqH2A-s*\Zʿx>6CY7J:@el	cN]-?==>L9󥿢+zfm\0\\ǣ}jz\'t\\\rں{pDXzS]Y9(r.8sGg|$PvK]#I`+v\"K)թDc@j6BS\\-]\'}|DMF/1M	OxA/zEÔZC;*v,E,gi#LƗtE%yAoOVAFA3p4zz<3>4cuض\0^X?Mǹ\'\n|IM߶6\n[Iۯ~p!*sǈIە/Rk´K:nc0\"*K\'\'xЂZ:ՒɊLⴠSq9~s#%?WRz ;/0bCN\0*y^ӇEΠ\rExBQ%:qU4E`%ÂŗÔ +\'4:(FLW|F%ćkJXnUiJvՑ{ꓡݳS:?lQ^߭\0^;\0[RФse~9|aˇaE15ΝTg\0CM(Rl)/z]eߓ&i\Z\ZJp6\"\"#N^avΊK-\0^~o(nVW˛V\ny&u/	_7Uw``t\Zִe%	tS(f)Ĉ0])o[ck5D=Sl3m(w.?쐖lGN!QyUDÅ|CW\n06$$xχj᭷wu:MeeǖAAv\Z虆#@FJ$Vj	_6&/\\u|8|.,~^ZT6j)hUFtaP;cCOe~YdHèJd~tu{3SHpLT:RAM6t!@ب!^&t^^ًT|eY\Z;kihZ<<-#S-~g<gyhQp澿FWX\\i\nt,3hqq0jt#laOuUyc7EssTY~1\rn[t\rHPBLa5OkҍYN.ĖL\Z-OϫQf2L㯵z[ut|<8ӑ:˴m4\n\n*uW\rdbp(:h͟t#Cp@t\"!>ie(,)cp4Sסa*F(­P<rm\"\naH$#`CV1rgUBO5ȧ\rMWZ;7_=7l\"BFz]rQJ\"̋@#`yk0*NYr]yφK\nn|AYSB$u`d[\'2x,1$C	BgzF=0*]!Ga3!=%qd,zN~<P>PvSm/ n-n\n#Dz\\\ZE~mjr=HBd/w:V6d{1[cˈ!Au{@y52WOW̙\0lrD55.%dhW\n:!I:~/ᄯvo+Jei/`!.JNE{B訸<ryfD\0mKp\n/2L稗W4zUsȩF8+9	94%O	qRW2Kȅu)\"|o§ZI \'4-dSYz1Pd{]	lQzkћ3F-]TTvjR%h~P9*\\aK{qbi{х:@~G}T1{&|YiI.:QҪ%R9O=G\'ۋ8x]*\\=[jsMOnGvz\n|+!!nSQ3	~=~Y*l#1\";|1 IVy(n߻\n ]z@+svƗq[v\Zh}r%I\r֒*oY\nqp$osx\\$YIfHnDK׶M\r^)V280ju.bxQԔwZ:ء]b&.$-u,<1GŚ3d\'Hi\"%ZljxIgީ&ehȍSВ`  ƥ@tn\0Ty\'.\"+TiWCwIk{eT¯c2\\$)a. !H7tT\\I\nS7޽\'u.(/߼qn|yv}j;lX	Ru0\"@ׁN<mʍJMfzƦ68[ )	+w>Ly$;愽ہfE\',VC1\nZ\'5=~vX?t/Ɇy c̴dX+.<zu\\K@B\"ǫN	bbC\0oGǹk?}4m\nwJ*\Z-wJ,w-HZJL#_$iͬsr:L@H4]MSGlR/ɂ3*KTd!/Qo\"	s3SKM@[@ۋNXF3B!LL\rQ+mM&dDL#^*d YHhaLXz&C/Y\0uH{A.L/BSJ3~1z#3?zHw-́:A*ʢ2l!ZDf&ɕ\\lsҊ9sc\"aV0_oTH;6הZtwMΏF&{Z*x*p\Zp#6D	W	)н(zeeQѦ7NEXMkU|ΧiʓAAr|9ƞg@}E45tD0~l1&t?7zg\Z<l6/8: x0{$/r/GLs!5ן9bsU`\r䡠o1,*[AW 0uuU0^kQxln)akV/l3=ֈnP(wc8Ӫ/i7/1f%\rgݞeV|X0@KAMafl@@kx`CVfxP-.3jh	Ck\r-H5U,v	\'\Z&.!X5na$|9p06+mٲv:fVc.7aGM^5s\r\ZWv.6n]2whxѹ<dZU^g*b64AKK\'Ƕm&\'\'@VV*e~\Z:|;3SoThuU`ٍ\0NA$pbl&Fc:{lJ-DrzXz~䣦vػ$\ZZhlhq-4Ɩɣ 7\'=~^v\"J޴b#{MWX<I}hY BwbS\\NXraF\'O6[g\"\0.^0Fßϼ/bB\Z]s5Y*3\Z/}a8CcE	AA?ۣTŸX0~\\qlئ|Yln;POO=p9	7>՚yVς7#@8n4\n\r{MesaњDgvs>JBB<,f6LX{_CyKh3d\"%a:/5aC5ߦC@@?tYӺKWi?m׉څSn\0MMv0;5z`́\0?wwqlfylz3̒@WI穧7MGB>%YSTv$D7BSWF0p^%aG?>\rN_l9# ᳭>EUrޱhԕ2pN5\"7>)_<MWi͖1A_9\0<<a/j-oɉGZ-?}??z\Z\n\0	9i@J護wgb7L~P!}҇gIt6z\nju証ZIuq\ZF@3WǤ\\_rY3̈PsCudqqN(/yJu<BnofK{eek\nS$NKO1ꕧ$\'\ZzI.:/:x򅯔\"	qL͚Xbɕ\0g.!~[H;!up12\"`h`&:q6t]^Ƶ5F *߄)G8.ľ}Chose,I}E&h<gbEVW٘-cD]}	vl]3S{\"SPW66W6S-qPw/7m1`ŵCcpzɿxfbb\0Z$M_Vm=`2$B?Bg\r!a.$W<4*{:,/-\ZSRN#`\"${ew&FVi7A\'fA$$xKD_5I}Íƍjz\ngB5%cڥ<b&C`SBƽL1\'Ù?@֍vSP*f3i7xQjV\0t\r(8~X_c\"Y~)NmC)$Ku2jm\rKpᴌ@%fCÂmu=u$\\lIFBOX3 [۟NOi~`.<B &\\-So\ng߆DV=e7/#`@;}{c.Ko\ZĨ/D\rɋX\"K|1\Z{l\0ƚX@Y1* Yo]L3s03}{)fge)KG\'_RĢ\Zu销Tzqс\'[b XUg|=㻔<ae2PY@\\z@5vCX&i|p|-\'|vFq!$.iRՕ1?S&`v{w>i	!vQ7($yݚǈoל\Zu3k`׆؆FTY9an/+\n1^CVm;g%ΥYW3L={\nߌH 2\re>cN1\'Z	QJ:J/#ɏj^(g7{|&$\0-s&}tr,)Sdd*$`rw?7KG4Pss\n-ԷI&חŀflշZvAIQYxդ9g^t*5RkK>VWIL<%J&=[U`L\0`mN`U-h\n&@sM	X++\Z:H!7[TXE%r$AO0..H!=MIJ\nߍC3\'^N[j[D$RQ*MYd2x-\\4L C?Mmy+	\ro%wkS^jZZZpwa[]EPRR{q\0k	ˋrBD:<2	Q99_F\Z;\Z۩y|HQn^WA&ef \0#`m~4bFю@wDjX㥖.rZf!)4!;ċ%\" \0c`M(lH	p@`dV\n`#~]]*846q>g$Sͯ4\0\n{@@3$\0X#F֌0TBϑPgguuRgW/uw\r^JKO\n2ɁII #hw-+_C#pT@@d5<ºz4>INэvy#DK>|v,Y2Y4nqJ=k$F%\';(Y,O\rB\0	TF`$/XZY<$8 \r,vݾ \0  lfMɛ\'g=R&8 \0 \0 01tT6g=B8 \0 \0 0tTbcF`8@	Hf)\0Bl	0sf\0z&P8j˳b4 Kc8z ,\'e\'Szr\"Y|W`̚3{3P|q։B7= G<5AK2?pJ)ANzl0\'c:_,n+=`W3 ĸ_L|zr1f\nZ%/$K<\r-D.Ƣs#$ă_nĤS;ysouB]\\㵉U@\\c?ҥEGces w,$I	YIQ6/`C]fatcq\',Kk	΁b~$ʢk3v{|zए6s0t-b.f\0 pq<}O\nDHqJ*s^B,^\\|؅♮Q|,G&n^\n\nudYt9,\0R_ր,,|w	XYs\n4KjBp5Pq0Q53h\\d\ntClp@8,>H\'o#(r܄lbk\"]q˛: \0Of>(H^#V\01@`T,l#]\n2xc8zDϟIcz\\綃3(K53`s_-md8 \08<WI@ufc]P}M+>	&C\0\0sAP̹ۧ=n\0 \0 \0:%V-6Iz[\0\0(B Zy:۱W	\0\0\0k$ken-%z5،@\0@\0E DIŌ冂	gA\0@\0@ HjdHji!1pg \Z\0\0ƀFmHd	!\0FT\0\0GC`\rk	\0\0B mkK궉	6P	X%eHm%̞]QLΣd?O,(>7IClď/,WM!XSx/m>XN~G:Yݗ&a֢KZ\\P=\rj)ᙊ5ܗ] {	jJr֓4Bv>jvRg柙Eg$\\h\0	K]S;ZG\r0n$;&%RJj*ٓQL-\"\Z,cHB|&d԰X$Q\\!\riJGSC]IumT#v\n5LruNdk>W?յ[I\nAI$PoTjUauE&sXƂKjνB/)@aR\0:Q_{\r5Ӟ.bdW1:ɨ$3eNjxՉR6\"{Zy2fR}9e)2Q\rSmkb8%\\$^e?8:LT0Bp;Xc\'Ոh	IhV%ݜtzpW8Ư2ny](y6爮klw? +6k-M _tԵFUpJ@`0$[t	[%E>LJ͟A_*l>0\\-j[npG:mENq۲jiwR`#`Qe\"Yh#MIpU$`b//\\[8t_-\\,\0\0\\kQMb#b^4J֭sHXip\"9DPoiMq6rm4Rc?Q]fC	h#}w>,\ZZv%^1q:F\r]NՙgPxT<\Z@GW?os8X@J;<4ψ	(3*VNwa/60|/~\"XH)CjKeMݱ(22\\~p	5D7u\nN:A=r̄-a0HėH9o!q^Bl	.k6c5tĭFl4\Z-=nNH8_j\rG{D7n/L)&SW>Za%yYƍ6NEs9biʷ=,VDi&OGv>Y)CIEF,CkB)VvvHEySRM7_Ƶlxvkc|XPdZ&}pj i2&4}\\qG[339i\0_Z\nGzHFJu|JsfΦoS4AK.V<%Wdn{Wp!(IGP{Ӧ{C˄kN\"zMt;}鮽T\\Ϫ# ׼\rSnIngD7]$0QfWGWK8OyuMߐzbX?ZkBˁZ~)$MDLeeti~~5O	`6f<ҝDD񚎽C;*ɯȥMJ?&v1TIZ͋&؏bt<1;TgteSn^F9_a\'<ycT|IӴ>ww뵰Su#OR൬N!Sf{$YXjlC6!oU];V-}<(k`۱zejR4&~LW͎)ibwlԪE%\rD^cpf4J*\r#Li݁	5cOidR^IU\r/#Ď\0kk%**\r3?kdbiɳ>X#@1}m|ƭZS;׀KqǮ\rXm:fq;h~r;[ьIŞԷu:Xg拊ٙ\'qNOn5#x:(\Z\"$iEgDp[f%p<U3ꞣ<&CtArv7z(m]럧)5Ri{*Z5Mie_`δ$I`\n)hςNhxoV#:G =ɳAAAB`\'\0?qH~D!x@Nb\nW)WhNJQzs:GJh+&ɝCO[XXXJ<N0l$ScٻZ(mS&1(,O:Gբxf|0r\r\\˂b	~Bd&_|:Eq^ي`yi515{b?R2w\";+Yֲr=uYMaPvĹ/Vv\'&:I!xejȹa|\"],=MQWϯ㼞zB>R\"*s	<~\rtaՙ!tܦl߰\r=C0=ƂhUf=-*	&yAڲka*\0&JjG4Ց%)-Bxx{(q/r}]Q8	u^QBÙOB=E4Lou]o#kA.N\"\'p\'LW\ZЬvGsQ`!YÈ衵e\"f4Le_ctV\"θuuh{^ 0|(Yf\r=\Zo1?F-$wф}\njsҝ`(sF!x:\'wRNc,c \\ǘ0 A\ZBQrtX]\n.]4下\nԙ;SDOYXbe9V}Y$IÅ*SmL{m|ϲP1n?}x&f90PdFVxtѺ24^`Wf\'Q(촛dzhEi[r fwPBbbn!Gx>_<Օ=B9N%Is	\rBl	|G⹰hXXb{٩=wι6]K\'Yp\\,mZ,\0[G{)`韀\nW	<5l\Z6&RW<z	Y2H0I}˯YKwcNmKwvch<rL{6ģx9d.>NL&wҒSƢ9MɣY7VLlV-	iQVLы\0UpR߿$+BC	Rګ=OQyM6ON)+jL\0qML[Q}z,m^f3sֿ,UidZrQ +-.|,v/.z;)扊2Jȿ}	mBâjӔ>737b/on6g!09\'_uIY䧶L__[b~1ƭe\r_}VړkmKD2y_ɧ]177`fF5Ǣ$J:MQ-\'M^[a<ʎ\0־&~_ǣQ؃gDo,󜝗Hɥ/Z^C˚h#~FN3>9:(ŢiJkҢQ>d\nrZ85?[Iu^,kJ鲧$U_̡LIS:kCh*ZޝLQW&d=겘,W,;/g*촸W.^\0(7WI\rB|[{ JTc3}!0-lNW#1mrɑ.Zx2}Jf\Z-4호OO\'.W-oNuYnپZjٴLt;	%b%shLZ^y]L+: @vZ`ΰX0\'#]rIbsZ\\3|Եy)5u㙯N	A7\0\0aIDAT{{ٙSӉ1O*:Tьnf#]yiJ=gaӜۢ뺕`(t2H[?Qc\'\Z`5O[S9}ޤTIՀ_n\"kbU1V`L	x޿PI;*\rV+߈\nKweٷI,ҫ\ZFJnm}Z{F&0IlӘtqgLUJlht\'f%[4X_?Z%uOIy1_\"//qp<2CǴ%HsĴ9byIn}T..ӆ4C_Gjw~VAKr|B?\\\\xZxJoKKJ׽H.Vv\n3D ?5)+Jx{4cV!ֱ!].r6l H !@ΞZ@3Anl&b;㙟f2c9qꟖ~GoIUж}dl	<&$[(;FbNORZR{ع!e3&)dQ8,\'[8=࡮u^/Ũ}w3e7;sxJj}JbG:f3,{Y4?ڲ>ݶ5>T\0|?p_YUZxƨrEaUf)h[6\0ԻQ5vƠARW$Y ;{m~S-V(@@KqHwN552U\n0ɓE\rd1ݨyߨ;8^	d9XC԰hթZf%e7.ۧX>eT߁6Fxp@\0F#mgb23^Sؤ\Z2?j^yCQ⚿x2A\0@@U5SI_kkH\\\nPU0`(|LoEMHe{td\0\0lݽ&uQ\'6׎S2xBg1H	z:P&u@\0@@l[C(5#6_]\r\ZQ_J^~^,\\\r(R\0\0!#eyv@F;VfD%ׄ\0J^J8=Z5/N8\0@m-j.:Jy414#L&՚xuS\rJ[h\Zy\0\0쥢`m`JQTSbbr!Io5\\^9_\0\0/qlW1	B\ZVGKS#[#SX@\0@ :ݔ~?\r\ng4\'c»,<q$F\\@\0@`WEY	dL4)w_$y%{_$m\rd \0 \0a(߾a\r`-`MÄ\'Ѥ\03%E$JH@Z\0\00ty)`ddQ*hVEϊ_@	dQ燴hC8I@\0@@Įx4k@XUH\n~.*\"q	r/U@%U\03@\0@*v\'nC	J\Z5ռ\0?q2tX/5X5R{F=@\0@ ZxTtnZ?Dyf+TDwk{PYUV\0#^~m/pm=y]0~Ƣb;ǂ.{V/b\"\0\0\0{Wcn㹭+F۪*`b\Z:Ҩ\n, \0 \08E׎`mXq4uNW3,2r޳QScA\0@HdqmXNiv$-p^*\\m]s@\0F$mt^NL/ܶHu\'\\.*o\"z!&S4|t\0S~ц%:n.+jeiJ,S*_#W\r8[\0\0	p[m6n_[T0X㘝n\\\\pr5qDA\0@\0B!P-x+WsJ:յ\0seWS\'H*\0Ҋ[mpt/Or+p\\KRp@\0@@]6nuY5`F7${ɞ2JY#F \0 \06jn8`w,k$\r`i \0#m3VιQ2r\\+>}sKگ[L\0nT|]kS-R.ה]E\Z@\0@ Hޓau͐̵aI8 \0\Z$?c?hM6\03oNWӁySD \0 \0!ڵ~鿟rB$0\0˲,}sp \0 	/kQ#]\\Y̚c0z8 \0 <ns52UC0Xp>ɍ@\0@ z6蕢\r/\\MkĊ+)ΙaM/nFJ\0nc6W{+o1soY3cF \0 `lܶrmIЃNa8;w./rӔt(>\0\0Kۗ\\r̷YXnzL;aHja@\0@ Dܖr\n=Og8rſ==vN	A\0@`|7\'!OCǨvVnH#\ZN\0\0#|&~y|]Ѓ`NzљS0:z8|\0	pm\'wtF|wc	Sz\":\0a	<_j_b;v׮-ܭLh \0 `(/yU;88NXW-_nn_{p!*\0\0Kb\Z<@t7bRD\0]]_rF_9 ;!&Et\0nyKAoUY o X|Kd୴Dd \0z  >n-ԃ;BRfwW;&$Н \0c69{\'$\0Op\'/m/]=A2(=ŗPx5k-]QTc6X/_#o_KBY\"\0PKR@bѹe2L@wQz\"+\0;k֌sWㆸ \nW$/W\ng@\0@ .3~l,,~<Oyxnǥ\0 \0\Z# ;\n^~=_cvk\\LCR58ߓ.Gd \0# .n C\r|/ٴg墐=\0(Br~ʵ\"\"	@GĢଆCnJ@\0@@Yb7_`+ex$*Q:͛~a׷I=J-@Vy_/3$\0,|a\'Nි-I>H \0J6&Twb3R<_-;$3G \0 Kr^_Boydѧ!$CT@NW<zJ-gi@\0@ R\'Ҽ>tЙ)Y:F](J\0F7Sp{nݓ0Z>4g<n	r5^iJ72\"\0@,)_kߏ $U\0XJdqm:*9˿QJE \0CQΎ92^хCK\\@}B/mu,\0ɞM({G?|*Č6p	wo_>#wۑ0#	\0$`˚V=7XX} >\0X0hUJ>idD8\n 0\ZsBxF%=-<5Wcq##\0{ޜ>t\0^`I˾TZf0ոrA$ \0	H&l;|s>hW\'ZtoGoᕞΚQ#!	XӋ,9ӯ\\\r7$\0\r:\r`]Ǘ9 &$[ߑw3랸u\"\0GqTJg:ָ[+&F\0d\n z	S%<|Cꍅ\0D[.t7svcްւ@̎T-oν3A¸\0ǽ\n\"7`/wTu58S:)r\09e\\7H4qDK\"WSţP#A $m#g>/!%Dd\0j3Le[ݴz^.H f{ϖ;pK$sV]#r2oR.Wr7UYK0\nF\' ,-wfʜ`4gJ\0\rVk.Hy%-w[K  \Z@	Xڲ&]\\Q.ejۖl>p9A-6\09Y[hC	@Xt4\"pa5-o͝R׭XQ^|@=~U/\\${R\\+d˶Y2K~=\rÀC\rX\'\\/O6Tj9xsZ8 e&۳gnOw_]␽J	UiҬ~WG_MnK$Fw+(g=d4P<۟WydK+L\'e;\\G쑝F	@5Zq4߾|9w9$pD67,۲;2^΃WYx*43PywWS35mt5gOkK+iCm8CdK`]VN]oOOxz\"1}	[*鈀NM!1-7\\+Q \0TfyTW>n?_]~/91e˜JIxI\0lzk[ޮ2Cb0KZa%}//lኌ8Kri?Z\"~\\OzX1*I2)UԂҿ\Z\'@`h0\r4=騺\n@@;̎45d9!kvv,j%\0Vkh.^o;==+hE\0nƤkrޒԯM4P\0XIkm;9/ b-[jop+JA5^Z0m]zے_{{\Z~n,&?BFX4#sR%%.~wap̑@S<booci{5$Z%swP#ƱlV꙯wxiJR0H,)}M{{Mu\0Xc._.r\rt鮿ۜ`is2xnU(F#\0Ǎۖ\\__#n`0\'e;	)yt{w\0XWթ?g.ӗܝ7ھ\"30KuGb 0\'em6ҟZ؍o+?2	@Kwk=x~DFr72܃IX5M\Z1f\Z\0?~wu;X3S{q=kB7@܏Ͷq$8DS4X>jm%d7҈M-}d|3%mS0B$\0kVg~w征MdπIJɚ$続2vlo[_|t\n#k>FWgq\\%t2c).xGKbvjKY*Tq\n\ZcGq!_:;90:Ju$F(fGjɞ_&nr8_kEDd&\0VuXw쾪~o#[,Vu)!dO)e&sI5\\\n-\'\0nᙂ}˓,N^gl76V8g%Iɞ3ۓ{ȶQ+퇭N9=uͻw_]~\'`!ė\ZF:%wsח:uMڅ~Oq9d*>KiWk,Yjwmd!}jf*݊Y^p+f 1CL 0?_){$Bɕ}	ד!161}\">3f&/ODHMfVYC&ųVL~2<,n2$d2<biZMoY̦ZlmG*2\ncE\01i\"\0\0\0\0IENDB`',1,'2020-03-01 17:59:26');

/*Table structure for table `tbl_walkins` */

DROP TABLE IF EXISTS `tbl_walkins`;

CREATE TABLE `tbl_walkins` (
  `walkin_id` int(11) NOT NULL AUTO_INCREMENT,
  `lastname` varchar(255) DEFAULT NULL,
  `firstname` varchar(255) DEFAULT NULL,
  `middlename` varchar(255) DEFAULT NULL,
  `extname` varchar(255) DEFAULT NULL,
  `birthdate` date DEFAULT NULL,
  `sex` varchar(255) DEFAULT NULL,
  `homeaddress` text DEFAULT NULL,
  `contactno` varchar(255) DEFAULT NULL,
  `emailaddress` varchar(255) DEFAULT NULL,
  `branch_id` int(5) DEFAULT NULL,
  `walkintype` varchar(255) DEFAULT NULL,
  `photo` blob DEFAULT NULL,
  `status` int(11) DEFAULT NULL COMMENT '1=pending; 2=active; 3=inactive',
  `date_added` datetime DEFAULT current_timestamp(),
  PRIMARY KEY (`walkin_id`)
) ENGINE=InnoDB AUTO_INCREMENT=4 DEFAULT CHARSET=latin1;

/*Data for the table `tbl_walkins` */

insert  into `tbl_walkins`(`walkin_id`,`lastname`,`firstname`,`middlename`,`extname`,`birthdate`,`sex`,`homeaddress`,`contactno`,`emailaddress`,`branch_id`,`walkintype`,`photo`,`status`,`date_added`) values (1,'Ex id','Cupid','Fugia','Qui q','1996-04-17','M','Fugit','Sunt','carewyn@mailinator.com',1,'Walk-in',NULL,3,'2020-03-02 01:10:25'),(2,'Nesci','Ea fu','Assum','Quis ','1982-07-27','M','Et qu','Labor','zyritybowo@mailinator.net',1,'Walk-in',NULL,2,'2020-03-02 01:11:16'),(3,'Eveni','Volup','Facil','Sint ','1983-04-28','F','Unde ','Saepe','lefi@mailinator.net',1,'Walk-in',NULL,1,'2020-03-02 01:11:40');

/*!40101 SET SQL_MODE=@OLD_SQL_MODE */;
/*!40014 SET FOREIGN_KEY_CHECKS=@OLD_FOREIGN_KEY_CHECKS */;
/*!40014 SET UNIQUE_CHECKS=@OLD_UNIQUE_CHECKS */;
/*!40111 SET SQL_NOTES=@OLD_SQL_NOTES */;
